Joint,Joint 4: J17_ELBOW_YAW_L,,,,,,,,,,,,
Param,mass,mc_x,mc_y,mc_z,Ixx,Ixy,Iyy,Ixz,Iyz,Izz,armature,damping,friction
Prior,0.466519,0.00940691,0.000121678,-0.0419434,0.00544453,0.00000667649,0.00569164,0.00115233,-0.0000299303,0.000582963,0.039175,0.08,0.3
Identified,0.662742,0.0138817,0.000125226,-0.0447493,0.00805973,0.00000178699,0.00822927,0.0015577,0.000372883,0.000697099,0.0393979,0.0851473,0.300236
True,0.57212,0.0144384,0.00100157,-0.0514847,0.00718749,-0.0000595163,0.00726117,0.00165391,0.000246901,0.000825661,0.039285,0.0848582,0.300998
Error,-18.46% → +15.84%,-34.85% → -3.86%,-87.85% → -87.50%,+18.53% → +13.08%,-24.25% → +12.14%,+111.22% \n-> +103.00%,-21.62% -> +13.33%,-30.33% -> -5.82%,-112.12% -> +51.03%,-29.39% -> -15.57%,-0.28% -> +0.29%,-5.73% -> +0.34%,-0.33% -> -0.25%
Quality,rank_deficient,ok,ok,rank_deficient,good,small,good,ok,small,ok,good,good,good
Joint,Joint 3: J16_ELBOW_PITCH_L,,,,,,,,,,,,
Prior,1.38061,0.0041175,0.00257776,-0.0899948,0.0117513,0.0000204722,0.0118159,-0.0000317222,-0.00029594,0.000852623,0.039175,0.08,0.3
Identified,1.70159,0.00207123,0.00276796,-0.0993939,0.0146265,0.000154176,0.0152708,-0.00131843,-0.000290776,0.00110028,0.0369936,0.0812998,0.300742
True,1.65291,-0.00294621,0.00908,-0.110151,0.0155779,0.000196505,0.015898,-0.000923358,-0.000243011,0.00104318,0.039463,0.0856359,0.301374
Error,-16.47% -> +2.94%,+239.76% -> +170.30%,-71.61% -> -69.52%,+18.30% -> +9.77%,-24.56% -> -6.11%,-89.58% -> -21.54%,-25.68% -> -3.95%,+96.56% -> -42.79%,-21.78% -> -19.66%,-18.27% -> +5.47%,-0.73% -> -6.26%,-6.58% -> -5.06%,-0.46% -> -0.21%
Quality,rank_deficient,ok,rank_deficient,rank_deficient,rank_deficient,small,good,small,ok,ok,good,ok,good
Joint,Joint 2: J15_SHOULDER_YAW_L,,,,,,,,,,,,
Prior,0.909138,-0.000768631,0.00199457,-0.0415157,0.00352182,0.00000345631,0.00340516,-0.0000251295,0.0000791218,0.000792426,0.039175,0.08,0.3
Identified,1.03613,-0.000764641,0.00210225,-0.0396123,0.00360419,0.000217951,0.00328355,-0.000334501,0.00093149,0.000978381,0.039475,0.0878037,0.307107
True,1.09934,-0.000871065,0.0064472,-0.0478533,0.00423311,0.0000238184,0.00446769,-0.000231627,0.00020784,0.00118437,0.0395785,0.0844184,0.297934
Error,-17.30% -> -5.75%,+11.76% -> +12.22%,-69.06% -> -67.39%,+13.24% -> +17.22%,-16.80% -> -14.86%,-85.49% -> +815.05%,-23.78% -> -26.50%,+89.15% -> -44.41%,-61.93% -> +348.18%,-33.09% -> -17.39%,-1.02% -> -0.26%,-5.23% -> +4.01%,+0.69% -> +3.08%
Quality,rank_deficient,bad,rank_deficient,rank_deficient,rank_deficient,small,rank_deficient,small,small,ok,good,good,good
Joint,Joint 1: J14_SHOULDER_ROLL_L,,,,,,,,,,,,
Prior,0.510813,0.0191105,0.0034591,-0.0136796,0.00138252,-0.000130972,0.00237542,0.000515111,-0.0000286552,0.00167728,0.039175,0.08,0.3
Identified,0.481716,0.0214238,0.00333114,-0.014074,0.00138454,-0.000130986,0.00233207,0.000515083,-0.000127714,0.00170254,0.0407952,0.0882429,0.294956
True,0.631474,0.0245326,0.00444178,-0.0194616,0.00178624,-0.000269202,0.00336721,0.000791365,0.0000409922,0.00249644,0.0395365,0.0855089,0.299943
Error,-19.11% -> -23.72%,-22.10% -> -12.67%,-22.12% -> -25.00%,+29.71% -> +27.68%,-22.60% -> -22.49%,+51.35% -> +51.34%,-29.45% -> -30.74%,-34.91% -> -34.91%,-169.90% -> -411.56%,-32.81% -> -31.80%,-0.91% -> +3.18%,-6.44% -> +3.20%,+0.02% -> -1.66%
Quality,rank_deficient,rank_deficient,bad,rank_deficient,rank_deficient,ok,rank_deficient,ok,small,rank_deficient,rank_deficient,ok,good
Joint,Joint 0: J13_SHOULDER_PITCH_L,,,,,,,,,,,,
Prior,0.932155,-0.00640754,0.0524307,-0.0145803,0.00441194,0.000302723,0.000992443,-0.0000765037,0.000630156,0.00399696,0.039175,0.08,0.3
Identified,0.932155,-0.00614354,0.0532908,-0.016693,0.00441194,0.000302724,0.000993716,-0.0000765041,0.000630219,0.00399704,0.0411691,0.079724,0.312547
True,1.14094,-0.00441473,0.0687632,-0.0162038,0.00564257,0.000245151,0.0011303,0.000000861309,0.000865816,0.00521386,0.0393199,0.0839529,0.302355
Error,N/A,-45.14% -> -39.16%,-23.75% -> -22.50%,+10.02% -> -3.02%,N/A,N/A,-12.20% -> -12.08%,N/A,-27.22% -> -27.21%,-23.34% -> -23.34%,-0.37% -> +4.70%,-4.71% -> -5.04%,-0.78% -> +3.37%
Quality,null,rank_deficient,rank_deficient,bad,null,null,rank_deficient,null,rank_deficient,rank_deficient,rank_deficient,good,good
