t_recv_ns,t_s,t_stamp_ns,frame_id,hardware_connected,analog_states_0,analog_states_1,analog_states_2,analog_states_3,analog_states_4,analog_states_5,digital_states_0,digital_states_1,digital_states_2,digital_states_3,digital_states_4,digital_states_5,digital_states_6,digital_states_7,digital_states_8,digital_states_9,digital_states_10,digital_states_11
3620189785888,0,1788965159107111709,,0,0,0,0,0,0,0,0,0,0,0,0,0,0,0,0,0,0,0
3620209780800,0.019994912,1788965159127111203,,0,0,0,0,0,0,0,0,0,0,0,0,0,0,0,0,0,0,0
3620229903104,0.040117216,1788965159147124167,,0,0,0,0,0,0,0,0,0,0,0,0,0,0,0,0,0,0,0
3620249795680,0.060009792,1788965159167110290,,0,0,0,0,0,0,0,0,0,0,0,0,0,0,0,0,0,0,0
3620269767904,0.079982016,1788965159187110389,,0,0,0,0,0,0,0,0,0,0,0,0,0,0,0,0,0,0,0
3620289791936,0.10000605,1788965159207111323,,0,0,0,0,0,0,0,0,0,0,0,0,0,0,0,0,0,0,0
3620309792512,0.12000662,1788965159227110248,,0,0,0,0,0,0,0,0,0,0,0,0,0,0,0,0,0,0,0
3620329820096,0.14003421,1788965159247109911,,0,0,0,0,0,0,0,0,0,0,0,0,0,0,0,0,0,0,0
3620349646304,0.15986042,1788965159267110654,,0,0,0,0,0,0,0,0,0,0,0,0,0,0,0,0,0,0,0
3620369782656,0.17999677,1788965159287110763,,0,0,0,0,0,0,0,0,0,0,0,0,0,0,0,0,0,0,0
3620389753312,0.19996742,1788965159307109962,,0,0,0,0,0,0,0,0,0,0,0,0,0,0,0,0,0,0,0
3620409774624,0.21998874,1788965159327110478,,0,0,0,0,0,0,0,0,0,0,0,0,0,0,0,0,0,0,0
3620429895392,0.2401095,1788965159347110687,,0,0,0,0,0,0,0,0,0,0,0,0,0,0,0,0,0,0,0
3620449757408,0.25997152,1788965159367110085,,0,0,0,0,0,0,0,0,0,0,0,0,0,0,0,0,0,0,0
3620469791488,0.2800056,1788965159387110272,,0,0,0,0,0,0,0,0,0,0,0,0,0,0,0,0,0,0,0
3620489736384,0.2999505,1788965159407110111,,0,0,0,0,0,0,0,0,0,0,0,0,0,0,0,0,0,0,0
3620509759072,0.31997318,1788965159427110033,,0,0,0,0,0,0,0,0,0,0,0,0,0,0,0,0,0,0,0
3620529903200,0.34011731,1788965159447110417,,0,0,0,0,0,0,0,0,0,0,0,0,0,0,0,0,0,0,0
3620549661120,0.35987523,1788965159467110088,,0,0,0,0,0,0,0,0,0,0,0,0,0,0,0,0,0,0,0
3620569762112,0.37997622,1788965159487110646,,0,0,0,0,0,0,0,0,0,0,0,0,0,0,0,0,0,0,0
3620589750080,0.39996419,1788965159507110345,,0,0,0,0,0,0,0,0,0,0,0,0,0,0,0,0,0,0,0
3620609741216,0.41995533,1788965159527110632,,0,0,0,0,0,0,0,0,0,0,0,0,0,0,0,0,0,0,0
3620629765120,0.43997923,1788965159547110096,,0,0,0,0,0,0,0,0,0,0,0,0,0,0,0,0,0,0,0
3620649759232,0.45997334,1788965159567110303,,0,0,0,0,0,0,0,0,0,0,0,0,0,0,0,0,0,0,0
3620669737056,0.47995117,1788965159587113134,,0,0,0,0,0,0,0,0,0,0,0,0,0,0,0,0,0,0,0
3620689731808,0.49994592,1788965159607110134,,0,0,0,0,0,0,0,0,0,0,0,0,0,0,0,0,0,0,0
3620709744352,0.51995846,1788965159627110706,,0,0,0,0,0,0,0,0,0,0,0,0,0,0,0,0,0,0,0
3620729755008,0.53996912,1788965159647111389,,0,0,0,0,0,0,0,0,0,0,0,0,0,0,0,0,0,0,0
3620749611200,0.55982531,1788965159667109715,,0,0,0,0,0,0,0,0,0,0,0,0,0,0,0,0,0,0,0
3620769738304,0.57995242,1788965159687109988,,0,0,0,0,0,0,0,0,0,0,0,0,0,0,0,0,0,0,0
3620789732416,0.59994653,1788965159707110267,,0,0,0,0,0,0,0,0,0,0,0,0,0,0,0,0,0,0,0
3620809753792,0.6199679,1788965159727110648,,0,0,0,0,0,0,0,0,0,0,0,0,0,0,0,0,0,0,0
3620829867712,0.64008182,1788965159747110556,,0,0,0,0,0,0,0,0,0,0,0,0,0,0,0,0,0,0,0
3620849740288,0.6599544,1788965159767110674,,0,0,0,0,0,0,0,0,0,0,0,0,0,0,0,0,0,0,0
3620869768640,0.67998275,1788965159787110145,,0,0,0,0,0,0,0,0,0,0,0,0,0,0,0,0,0,0,0
3620889730400,0.69994451,1788965159807110610,,0,0,0,0,0,0,0,0,0,0,0,0,0,0,0,0,0,0,0
3620909750368,0.71996448,1788965159827109750,,0,0,0,0,0,0,0,0,0,0,0,0,0,0,0,0,0,0,0
3620929763200,0.73997731,1788965159847110685,,0,0,0,0,0,0,0,0,0,0,0,0,0,0,0,0,0,0,0
3620949644960,0.75985907,1788965159867110708,,0,0,0,0,0,0,0,0,0,0,0,0,0,0,0,0,0,0,0
3620969712288,0.7799264,1788965159887110317,,0,0,0,0,0,0,0,0,0,0,0,0,0,0,0,0,0,0,0
3620989733056,0.79994717,1788965159907110255,,0,0,0,0,0,0,0,0,0,0,0,0,0,0,0,0,0,0,0
3621009736608,0.81995072,1788965159927110264,,0,0,0,0,0,0,0,0,0,0,0,0,0,0,0,0,0,0,0
3621029805600,0.84001971,1788965159947110253,,0,0,0,0,0,0,0,0,0,0,0,0,0,0,0,0,0,0,0
3621049750048,0.85996416,1788965159967109781,,0,0,0,0,0,0,0,0,0,0,0,0,0,0,0,0,0,0,0
3621069745536,0.87995965,1788965159987110837,,0,0,0,0,0,0,0,0,0,0,0,0,0,0,0,0,0,0,0
3621089703808,0.89991792,1788965160007110236,,0,0,0,0,0,0,0,0,0,0,0,0,0,0,0,0,0,0,0
3621109740320,0.91995443,1788965160027110323,,0,0,0,0,0,0,0,0,0,0,0,0,0,0,0,0,0,0,0
3621129747552,0.93996166,1788965160047110082,,0,0,0,0,0,0,0,0,0,0,0,0,0,0,0,0,0,0,0
3621149598688,0.9598128,1788965160067110131,,0,0,0,0,0,0,0,0,0,0,0,0,0,0,0,0,0,0,0
3621169732928,0.97994704,1788965160087109843,,0,0,0,0,0,0,0,0,0,0,0,0,0,0,0,0,0,0,0
3621189719456,0.99993357,1788965160107110282,,0,0,0,0,0,0,0,0,0,0,0,0,0,0,0,0,0,0,0
3621209731904,1.019946,1788965160127123775,,0,0,0,0,0,0,0,0,0,0,0,0,0,0,0,0,0,0,0
3621229748032,1.0399621,1788965160147110745,,0,0,0,0,0,0,0,0,0,0,0,0,0,0,0,0,0,0,0
3621249704576,1.0599187,1788965160167110830,,0,0,0,0,0,0,0,0,0,0,0,0,0,0,0,0,0,0,0
3621269748864,1.079963,1788965160187115250,,0,0,0,0,0,0,0,0,0,0,0,0,0,0,0,0,0,0,0
3621289708352,1.0999225,1788965160207113574,,0,0,0,0,0,0,0,0,0,0,0,0,0,0,0,0,0,0,0
3621309709024,1.1199231,1788965160227109932,,0,0,0,0,0,0,0,0,0,0,0,0,0,0,0,0,0,0,0
3621329705696,1.1399198,1788965160247109838,,0,0,0,0,0,0,0,0,0,0,0,0,0,0,0,0,0,0,0
3621349623904,1.159838,1788965160267109970,,0,0,0,0,0,0,0,0,0,0,0,0,0,0,0,0,0,0,0
3621369722336,1.1799364,1788965160287110385,,0,0,0,0,0,0,0,0,0,0,0,0,0,0,0,0,0,0,0
3621389728128,1.1999422,1788965160307110234,,0,0,0,0,0,0,0,0,0,0,0,0,0,0,0,0,0,0,0
3621409726112,1.2199402,1788965160327113632,,0,0,0,0,0,0,0,0,0,0,0,0,0,0,0,0,0,0,0
3621429775392,1.2399895,1788965160347110101,,0,0,0,0,0,0,0,0,0,0,0,0,0,0,0,0,0,0,0
3621449711296,1.2599254,1788965160367110209,,0,0,0,0,0,0,0,0,0,0,0,0,0,0,0,0,0,0,0
3621469715104,1.2799292,1788965160387110202,,0,0,0,0,0,0,0,0,0,0,0,0,0,0,0,0,0,0,0
3621489687008,1.2999011,1788965160407110205,,0,0,0,0,0,0,0,0,0,0,0,0,0,0,0,0,0,0,0
3621509731264,1.3199454,1788965160427110212,,0,0,0,0,0,0,0,0,0,0,0,0,0,0,0,0,0,0,0
3621529707584,1.3399217,1788965160447110444,,0,0,0,0,0,0,0,0,0,0,0,0,0,0,0,0,0,0,0
3621549598592,1.3598127,1788965160467110663,,0,0,0,0,0,0,0,0,0,0,0,0,0,0,0,0,0,0,0
3621569707456,1.3799216,1788965160487110001,,0,0,0,0,0,0,0,0,0,0,0,0,0,0,0,0,0,0,0
3621589726272,1.3999404,1788965160507110854,,0,0,0,0,0,0,0,0,0,0,0,0,0,0,0,0,0,0,0
3621609691360,1.4199055,1788965160527110207,,0,0,0,0,0,0,0,0,0,0,0,0,0,0,0,0,0,0,0
3621629789920,1.440004,1788965160547110532,,0,0,0,0,0,0,0,0,0,0,0,0,0,0,0,0,0,0,0
3621649689792,1.4599039,1788965160567110029,,0,0,0,0,0,0,0,0,0,0,0,0,0,0,0,0,0,0,0
3621669669440,1.4798836,1788965160587109845,,0,0,0,0,0,0,0,0,0,0,0,0,0,0,0,0,0,0,0
3621689688160,1.4999023,1788965160607110341,,0,0,0,0,0,0,0,0,0,0,0,0,0,0,0,0,0,0,0
3621709684000,1.5198981,1788965160627110372,,0,0,0,0,0,0,0,0,0,0,0,0,0,0,0,0,0,0,0
3621729671552,1.5398857,1788965160647110676,,0,0,0,0,0,0,0,0,0,0,0,0,0,0,0,0,0,0,0
3621749571904,1.559786,1788965160667110098,,0,0,0,0,0,0,0,0,0,0,0,0,0,0,0,0,0,0,0
3621769713280,1.5799274,1788965160687110123,,0,0,0,0,0,0,0,0,0,0,0,0,0,0,0,0,0,0,0
3621789710240,1.5999244,1788965160707110419,,0,0,0,0,0,0,0,0,0,0,0,0,0,0,0,0,0,0,0
3621809743648,1.6199578,1788965160727110898,,0,0,0,0,0,0,0,0,0,0,0,0,0,0,0,0,0,0,0
3621829693472,1.6399076,1788965160747109791,,0,0,0,0,0,0,0,0,0,0,0,0,0,0,0,0,0,0,0
3621849725280,1.6599394,1788965160767110614,,0,0,0,0,0,0,0,0,0,0,0,0,0,0,0,0,0,0,0
3621869711296,1.6799254,1788965160787110505,,0,0,0,0,0,0,0,0,0,0,0,0,0,0,0,0,0,0,0
3621889674912,1.699889,1788965160807110422,,0,0,0,0,0,0,0,0,0,0,0,0,0,0,0,0,0,0,0
3621909767200,1.7199813,1788965160827110992,,0,0,0,0,0,0,0,0,0,0,0,0,0,0,0,0,0,0,0
3621929749152,1.7399633,1788965160847112013,,0,0,0,0,0,0,0,0,0,0,0,0,0,0,0,0,0,0,0
3621949610592,1.7598247,1788965160867110315,,0,0,0,0,0,0,0,0,0,0,0,0,0,0,0,0,0,0,0
3621969733440,1.7799476,1788965160887110193,,0,0,0,0,0,0,0,0,0,0,0,0,0,0,0,0,0,0,0
3621989678592,1.7998927,1788965160907110255,,0,0,0,0,0,0,0,0,0,0,0,0,0,0,0,0,0,0,0
3622009753728,1.8199678,1788965160927110399,,0,0,0,0,0,0,0,0,0,0,0,0,0,0,0,0,0,0,0
3622029746496,1.8399606,1788965160947110239,,0,0,0,0,0,0,0,0,0,0,0,0,0,0,0,0,0,0,0
3622049677152,1.8598913,1788965160967110753,,0,0,0,0,0,0,0,0,0,0,0,0,0,0,0,0,0,0,0
3622069660544,1.8798747,1788965160987110388,,0,0,0,0,0,0,0,0,0,0,0,0,0,0,0,0,0,0,0
3622089686144,1.8999003,1788965161007113987,,0,0,0,0,0,0,0,0,0,0,0,0,0,0,0,0,0,0,0
3622109716512,1.9199306,1788965161027110690,,0,0,0,0,0,0,0,0,0,0,0,0,0,0,0,0,0,0,0
3622129670272,1.9398844,1788965161047110185,,0,0,0,0,0,0,0,0,0,0,0,0,0,0,0,0,0,0,0
3622149671744,1.9598859,1788965161067110458,,0,0,0,0,0,0,0,0,0,0,0,0,0,0,0,0,0,0,0
3622169662176,1.9798763,1788965161087110414,,0,0,0,0,0,0,0,0,0,0,0,0,0,0,0,0,0,0,0
3622189648832,1.9998629,1788965161107110369,,0,0,0,0,0,0,0,0,0,0,0,0,0,0,0,0,0,0,0
3622209712736,2.0199268,1788965161127110578,,0,0,0,0,0,0,0,0,0,0,0,0,0,0,0,0,0,0,0
3622229758560,2.0399727,1788965161147110601,,0,0,0,0,0,0,0,0,0,0,0,0,0,0,0,0,0,0,0
3622249684768,2.0598989,1788965161167111000,,0,0,0,0,0,0,0,0,0,0,0,0,0,0,0,0,0,0,0
3622269713504,2.0799276,1788965161187110585,,0,0,0,0,0,0,0,0,0,0,0,0,0,0,0,0,0,0,0
3622289661152,2.0998753,1788965161207109753,,0,0,0,0,0,0,0,0,0,0,0,0,0,0,0,0,0,0,0
3622309683200,2.1198973,1788965161227110617,,0,0,0,0,0,0,0,0,0,0,0,0,0,0,0,0,0,0,0
3622329665216,2.1398793,1788965161247110334,,0,0,0,0,0,0,0,0,0,0,0,0,0,0,0,0,0,0,0
3622349565344,2.1597795,1788965161267110039,,0,0,0,0,0,0,0,0,0,0,0,0,0,0,0,0,0,0,0
3622369685056,2.1798992,1788965161287111014,,0,0,0,0,0,0,0,0,0,0,0,0,0,0,0,0,0,0,0
3622389649856,2.199864,1788965161307113145,,0,0,0,0,0,0,0,0,0,0,0,0,0,0,0,0,0,0,0
3622409652736,2.2198668,1788965161327110857,,0,0,0,0,0,0,0,0,0,0,0,0,0,0,0,0,0,0,0
3622429690400,2.2399045,1788965161347110228,,0,0,0,0,0,0,0,0,0,0,0,0,0,0,0,0,0,0,0
3622449654016,2.2598681,1788965161367111123,,0,0,0,0,0,0,0,0,0,0,0,0,0,0,0,0,0,0,0
3622469635520,2.2798496,1788965161387110892,,0,0,0,0,0,0,0,0,0,0,0,0,0,0,0,0,0,0,0
3622489654624,2.2998687,1788965161407110883,,0,0,0,0,0,0,0,0,0,0,0,0,0,0,0,0,0,0,0
3622509665600,2.3198797,1788965161427110607,,0,0,0,0,0,0,0,0,0,0,0,0,0,0,0,0,0,0,0
3622529642112,2.3398562,1788965161447110794,,0,0,0,0,0,0,0,0,0,0,0,0,0,0,0,0,0,0,0
3622549534624,2.3597487,1788965161467110232,,0,0,0,0,0,0,0,0,0,0,0,0,0,0,0,0,0,0,0
3622569649376,2.3798635,1788965161487110456,,0,0,0,0,0,0,0,0,0,0,0,0,0,0,0,0,0,0,0
3622589625248,2.3998394,1788965161507110697,,0,0,0,0,0,0,0,0,0,0,0,0,0,0,0,0,0,0,0
3622609672864,2.419887,1788965161527110243,,0,0,0,0,0,0,0,0,0,0,0,0,0,0,0,0,0,0,0
3622629737056,2.4399512,1788965161547110288,,0,0,0,0,0,0,0,0,0,0,0,0,0,0,0,0,0,0,0
3622649627424,2.4598415,1788965161567110539,,0,0,0,0,0,0,0,0,0,0,0,0,0,0,0,0,0,0,0
3622669648384,2.4798625,1788965161587110691,,0,0,0,0,0,0,0,0,0,0,0,0,0,0,0,0,0,0,0
3622689646464,2.4998606,1788965161607110582,,0,0,0,0,0,0,0,0,0,0,0,0,0,0,0,0,0,0,0
3622709640512,2.5198546,1788965161627110471,,0,0,0,0,0,0,0,0,0,0,0,0,0,0,0,0,0,0,0
3622729645984,2.5398601,1788965161647111392,,0,0,0,0,0,0,0,0,0,0,0,0,0,0,0,0,0,0,0
3622749515456,2.5597296,1788965161667110313,,0,0,0,0,0,0,0,0,0,0,0,0,0,0,0,0,0,0,0
3622769651328,2.5798654,1788965161687110443,,0,0,0,0,0,0,0,0,0,0,0,0,0,0,0,0,0,0,0
3622789643616,2.5998577,1788965161707110516,,0,0,0,0,0,0,0,0,0,0,0,0,0,0,0,0,0,0,0
3622809671328,2.6198854,1788965161727110517,,0,0,0,0,0,0,0,0,0,0,0,0,0,0,0,0,0,0,0
3622829658752,2.6398729,1788965161747126013,,0,0,0,0,0,0,0,0,0,0,0,0,0,0,0,0,0,0,0
3622849637568,2.6598517,1788965161767110738,,0,0,0,0,0,0,0,0,0,0,0,0,0,0,0,0,0,0,0
3622869639168,2.6798533,1788965161787110863,,0,0,0,0,0,0,0,0,0,0,0,0,0,0,0,0,0,0,0
3622889640384,2.6998545,1788965161807110947,,0,0,0,0,0,0,0,0,0,0,0,0,0,0,0,0,0,0,0
3622909646528,2.7198606,1788965161827110828,,0,0,0,0,0,0,0,0,0,0,0,0,0,0,0,0,0,0,0
3622929725472,2.7399396,1788965161847110448,,0,0,0,0,0,0,0,0,0,0,0,0,0,0,0,0,0,0,0
3622949521664,2.7597358,1788965161867110186,,0,0,0,0,0,0,0,0,0,0,0,0,0,0,0,0,0,0,0
3622969627232,2.7798413,1788965161887110388,,0,0,0,0,0,0,0,0,0,0,0,0,0,0,0,0,0,0,0
3622989620160,2.7998343,1788965161907110440,,0,0,0,0,0,0,0,0,0,0,0,0,0,0,0,0,0,0,0
3623009691200,2.8199053,1788965161927110873,,0,0,0,0,0,0,0,0,0,0,0,0,0,0,0,0,0,0,0
3623029638016,2.8398521,1788965161947110177,,0,0,0,0,0,0,0,0,0,0,0,0,0,0,0,0,0,0,0
3623049613952,2.8598281,1788965161967110865,,0,0,0,0,0,0,0,0,0,0,0,0,0,0,0,0,0,0,0
3623069642752,2.8798569,1788965161987111072,,0,0,0,0,0,0,0,0,0,0,0,0,0,0,0,0,0,0,0
3623089625120,2.8998392,1788965162007110337,,0,0,0,0,0,0,0,0,0,0,0,0,0,0,0,0,0,0,0
3623109690208,2.9199043,1788965162027110410,,0,0,0,0,0,0,0,0,0,0,0,0,0,0,0,0,0,0,0
3623129669888,2.939884,1788965162047113721,,0,0,0,0,0,0,0,0,0,0,0,0,0,0,0,0,0,0,0
3623149503456,2.9597176,1788965162067109913,,0,0,0,0,0,0,0,0,0,0,0,0,0,0,0,0,0,0,0
3623169608320,2.9798224,1788965162087110160,,0,0,0,0,0,0,0,0,0,0,0,0,0,0,0,0,0,0,0
3623189626688,2.9998408,1788965162107110574,,0,0,0,0,0,0,0,0,0,0,0,0,0,0,0,0,0,0,0
3623209662656,3.0198768,1788965162127110913,,0,0,0,0,0,0,0,0,0,0,0,0,0,0,0,0,0,0,0
3623229651232,3.0398653,1788965162147111305,,0,0,0,0,0,0,0,0,0,0,0,0,0,0,0,0,0,0,0
3623249620288,3.0598344,1788965162167110345,,0,0,0,0,0,0,0,0,0,0,0,0,0,0,0,0,0,0,0
3623269606112,3.0798202,1788965162187110541,,0,0,0,0,0,0,0,0,0,0,0,0,0,0,0,0,0,0,0
3623289634272,3.0998484,1788965162207110592,,0,0,0,0,0,0,0,0,0,0,0,0,0,0,0,0,0,0,0
3623309662272,3.1198764,1788965162227110038,,0,0,0,0,0,0,0,0,0,0,0,0,0,0,0,0,0,0,0
3623329626528,3.1398406,1788965162247110692,,0,0,0,0,0,0,0,0,0,0,0,0,0,0,0,0,0,0,0
3623349532576,3.1597467,1788965162267110376,,0,0,0,0,0,0,0,0,0,0,0,0,0,0,0,0,0,0,0
3623369608800,3.1798229,1788965162287110199,,0,0,0,0,0,0,0,0,0,0,0,0,0,0,0,0,0,0,0
3623389608096,3.1998222,1788965162307110007,,0,0,0,0,0,0,0,0,0,0,0,0,0,0,0,0,0,0,0
3623409692448,3.2199066,1788965162327110015,,0,0,0,0,0,0,0,0,0,0,0,0,0,0,0,0,0,0,0
3623429650368,3.2398645,1788965162347115228,,0,0,0,0,0,0,0,0,0,0,0,0,0,0,0,0,0,0,0
3623449628576,3.2598427,1788965162367110308,,0,0,0,0,0,0,0,0,0,0,0,0,0,0,0,0,0,0,0
3623469623840,3.279838,1788965162387113475,,0,0,0,0,0,0,0,0,0,0,0,0,0,0,0,0,0,0,0
3623489667104,3.2998812,1788965162407110815,,0,0,0,0,0,0,0,0,0,0,0,0,0,0,0,0,0,0,0
3623509764192,3.3199783,1788965162427110238,,0,0,0,0,0,0,0,0,0,0,0,0,0,0,0,0,0,0,0
3623529647456,3.3398616,1788965162447110951,,0,0,0,0,0,0,0,0,0,0,0,0,0,0,0,0,0,0,0
3623549528768,3.3597429,1788965162467110291,,0,0,0,0,0,0,0,0,0,0,0,0,0,0,0,0,0,0,0
3623569594528,3.3798086,1788965162487110549,,0,0,0,0,0,0,0,0,0,0,0,0,0,0,0,0,0,0,0
3623589609984,3.3998241,1788965162507110746,,0,0,0,0,0,0,0,0,0,0,0,0,0,0,0,0,0,0,0
3623609665344,3.4198795,1788965162527110386,,0,0,0,0,0,0,0,0,0,0,0,0,0,0,0,0,0,0,0
3623629590944,3.4398051,1788965162547110411,,0,0,0,0,0,0,0,0,0,0,0,0,0,0,0,0,0,0,0
3623649607680,3.4598218,1788965162567110199,,0,0,0,0,0,0,0,0,0,0,0,0,0,0,0,0,0,0,0
3623669570080,3.4797842,1788965162587110449,,0,0,0,0,0,0,0,0,0,0,0,0,0,0,0,0,0,0,0
3623689582912,3.499797,1788965162607110600,,0,0,0,0,0,0,0,0,0,0,0,0,0,0,0,0,0,0,0
3623709624416,3.5198385,1788965162627110667,,0,0,0,0,0,0,0,0,0,0,0,0,0,0,0,0,0,0,0
3623729623616,3.5398377,1788965162647111524,,0,0,0,0,0,0,0,0,0,0,0,0,0,0,0,0,0,0,0
3623749516096,3.5597302,1788965162667110425,,0,0,0,0,0,0,0,0,0,0,0,0,0,0,0,0,0,0,0
3623769601408,3.5798155,1788965162687109972,,0,0,0,0,0,0,0,0,0,0,0,0,0,0,0,0,0,0,0
3623789616704,3.5998308,1788965162707110372,,0,0,0,0,0,0,0,0,0,0,0,0,0,0,0,0,0,0,0
3623809725952,3.6199401,1788965162727110622,,0,0,0,0,0,0,0,0,0,0,0,0,0,0,0,0,0,0,0
3623829643808,3.6398579,1788965162747110995,,0,0,0,0,0,0,0,0,0,0,0,0,0,0,0,0,0,0,0
3623849570560,3.6597847,1788965162767110591,,0,0,0,0,0,0,0,0,0,0,0,0,0,0,0,0,0,0,0
3623869603936,3.679818,1788965162787109866,,0,0,0,0,0,0,0,0,0,0,0,0,0,0,0,0,0,0,0
3623889586848,3.699801,1788965162807110765,,0,0,0,0,0,0,0,0,0,0,0,0,0,0,0,0,0,0,0
3623909607488,3.7198216,1788965162827110632,,0,0,0,0,0,0,0,0,0,0,0,0,0,0,0,0,0,0,0
3623929603200,3.7398173,1788965162847110408,,0,0,0,0,0,0,0,0,0,0,0,0,0,0,0,0,0,0,0
3623949455840,3.75967,1788965162867110685,,0,0,0,0,0,0,0,0,0,0,0,0,0,0,0,0,0,0,0
3623969568256,3.7797824,1788965162887110795,,0,0,0,0,0,0,0,0,0,0,0,0,0,0,0,0,0,0,0
3623989583232,3.7997973,1788965162907111264,,0,0,0,0,0,0,0,0,0,0,0,0,0,0,0,0,0,0,0
3624009623072,3.8198372,1788965162927110604,,0,0,0,0,0,0,0,0,0,0,0,0,0,0,0,0,0,0,0
3624029613856,3.839828,1788965162947110395,,0,0,0,0,0,0,0,0,0,0,0,0,0,0,0,0,0,0,0
3624049600480,3.8598146,1788965162967110178,,0,0,0,0,0,0,0,0,0,0,0,0,0,0,0,0,0,0,0
3624069581376,3.8797955,1788965162987110940,,0,0,0,0,0,0,0,0,0,0,0,0,0,0,0,0,0,0,0
3624089590048,3.8998042,1788965163007110322,,0,0,0,0,0,0,0,0,0,0,0,0,0,0,0,0,0,0,0
3624109625536,3.9198396,1788965163027110593,,0,0,0,0,0,0,0,0,0,0,0,0,0,0,0,0,0,0,0
3624129629504,3.9398436,1788965163047110442,,0,0,0,0,0,0,0,0,0,0,0,0,0,0,0,0,0,0,0
3624149515232,3.9597293,1788965163067110589,,0,0,0,0,0,0,0,0,0,0,0,0,0,0,0,0,0,0,0
3624169603488,3.9798176,1788965163087110765,,0,0,0,0,0,0,0,0,0,0,0,0,0,0,0,0,0,0,0
3624189565056,3.9997792,1788965163107110710,,0,0,0,0,0,0,0,0,0,0,0,0,0,0,0,0,0,0,0
3624209674784,4.0198889,1788965163127110639,,0,0,0,0,0,0,0,0,0,0,0,0,0,0,0,0,0,0,0
3624229449600,4.0396637,1788965163147111031,,0,0,0,0,0,0,0,0,0,0,0,0,0,0,0,0,0,0,0
3624249624992,4.0598391,1788965163167110877,,0,0,0,0,0,0,0,0,0,0,0,0,0,0,0,0,0,0,0
3624269597120,4.0798112,1788965163187110782,,0,0,0,0,0,0,0,0,0,0,0,0,0,0,0,0,0,0,0
3624289725152,4.0999393,1788965163207110388,,0,0,0,0,0,0,0,0,0,0,0,0,0,0,0,0,0,0,0
3624309638304,4.1198524,1788965163227110079,,0,0,0,0,0,0,0,0,0,0,0,0,0,0,0,0,0,0,0
3624329508096,4.1397222,1788965163247110216,,0,0,0,0,0,0,0,0,0,0,0,0,0,0,0,0,0,0,0
3624349498592,4.1597127,1788965163267110787,,0,0,0,0,0,0,0,0,0,0,0,0,0,0,0,0,0,0,0
3624369550976,4.1797651,1788965163287109717,,0,0,0,0,0,0,0,0,0,0,0,0,0,0,0,0,0,0,0
3624389591008,4.1998051,1788965163307110394,,0,0,0,0,0,0,0,0,0,0,0,0,0,0,0,0,0,0,0
3624409603328,4.2198174,1788965163327110413,,0,0,0,0,0,0,0,0,0,0,0,0,0,0,0,0,0,0,0
3624429446208,4.2396603,1788965163347110750,,0,0,0,0,0,0,0,0,0,0,0,0,0,0,0,0,0,0,0
3624449597120,4.2598112,1788965163367110810,,0,0,0,0,0,0,0,0,0,0,0,0,0,0,0,0,0,0,0
3624469544896,4.279759,1788965163387110556,,0,0,0,0,0,0,0,0,0,0,0,0,0,0,0,0,0,0,0
3624489535136,4.2997492,1788965163407110176,,0,0,0,0,0,0,0,0,0,0,0,0,0,0,0,0,0,0,0
3624509601952,4.3198161,1788965163427119318,,0,0,0,0,0,0,0,0,0,0,0,0,0,0,0,0,0,0,0
3624529584256,4.3397984,1788965163447113036,,0,0,0,0,0,0,0,0,0,0,0,0,0,0,0,0,0,0,0
3624549486048,4.3597002,1788965163467112646,,0,0,0,0,0,0,0,0,0,0,0,0,0,0,0,0,0,0,0
3624569566016,4.3797801,1788965163487110967,,0,0,0,0,0,0,0,0,0,0,0,0,0,0,0,0,0,0,0
3624589541696,4.3997558,1788965163507110617,,0,0,0,0,0,0,0,0,0,0,0,0,0,0,0,0,0,0,0
3624609615328,4.4198294,1788965163527110494,,0,0,0,0,0,0,0,0,0,0,0,0,0,0,0,0,0,0,0
3624629601120,4.4398152,1788965163547110531,,0,0,0,0,0,0,0,0,0,0,0,0,0,0,0,0,0,0,0
3624649539776,4.4597539,1788965163567110502,,0,0,0,0,0,0,0,0,0,0,0,0,0,0,0,0,0,0,0
3624669548384,4.4797625,1788965163587110723,,0,0,0,0,0,0,0,0,0,0,0,0,0,0,0,0,0,0,0
3624689588800,4.4998029,1788965163607110536,,0,0,0,0,0,0,0,0,0,0,0,0,0,0,0,0,0,0,0
3624709646880,4.519861,1788965163627110410,,0,0,0,0,0,0,0,0,0,0,0,0,0,0,0,0,0,0,0
3624729510784,4.5397249,1788965163647111457,,0,0,0,0,0,0,0,0,0,0,0,0,0,0,0,0,0,0,0
3624749470688,4.5596848,1788965163667110852,,0,0,0,0,0,0,0,0,0,0,0,0,0,0,0,0,0,0,0
3624769541696,4.5797558,1788965163687110113,,0,0,0,0,0,0,0,0,0,0,0,0,0,0,0,0,0,0,0
3624789554432,4.5997685,1788965163707110357,,0,0,0,0,0,0,0,0,0,0,0,0,0,0,0,0,0,0,0
3624809746432,4.6199605,1788965163727110908,,0,0,0,0,0,0,0,0,0,0,0,0,0,0,0,0,0,0,0
3624829544960,4.6397591,1788965163747110829,,0,0,0,0,0,0,0,0,0,0,0,0,0,0,0,0,0,0,0
3624849564064,4.6597782,1788965163767110725,,0,0,0,0,0,0,0,0,0,0,0,0,0,0,0,0,0,0,0
3624869545280,4.6797594,1788965163787110818,,0,0,0,0,0,0,0,0,0,0,0,0,0,0,0,0,0,0,0
3624889529024,4.6997431,1788965163807110681,,0,0,0,0,0,0,0,0,0,0,0,0,0,0,0,0,0,0,0
3624909640832,4.7198549,1788965163827110690,,0,0,0,0,0,0,0,0,0,0,0,0,0,0,0,0,0,0,0
3624929504864,4.739719,1788965163847110447,,0,0,0,0,0,0,0,0,0,0,0,0,0,0,0,0,0,0,0
3624949426944,4.7596411,1788965163867110459,,0,0,0,0,0,0,0,0,0,0,0,0,0,0,0,0,0,0,0
3624969553280,4.7797674,1788965163887110701,,0,0,0,0,0,0,0,0,0,0,0,0,0,0,0,0,0,0,0
3624989535808,4.7997499,1788965163907111002,,0,0,0,0,0,0,0,0,0,0,0,0,0,0,0,0,0,0,0
3625009594400,4.8198085,1788965163927111014,,0,0,0,0,0,0,0,0,0,0,0,0,0,0,0,0,0,0,0
3625029556992,4.8397711,1788965163947110793,,0,0,0,0,0,0,0,0,0,0,0,0,0,0,0,0,0,0,0
3625049526720,4.8597408,1788965163967110375,,0,0,0,0,0,0,0,0,0,0,0,0,0,0,0,0,0,0,0
3625069514432,4.8797285,1788965163987110431,,0,0,0,0,0,0,0,0,0,0,0,0,0,0,0,0,0,0,0
3625089547968,4.8997621,1788965164007110761,,0,0,0,0,0,0,0,0,0,0,0,0,0,0,0,0,0,0,0
3625109614912,4.919829,1788965164027110749,,0,0,0,0,0,0,0,0,0,0,0,0,0,0,0,0,0,0,0
3625129525280,4.9397394,1788965164047110565,,0,0,0,0,0,0,0,0,0,0,0,0,0,0,0,0,0,0,0
3625149426432,4.9596405,1788965164067110525,,0,0,0,0,0,0,0,0,0,0,0,0,0,0,0,0,0,0,0
3625169530752,4.9797449,1788965164087110295,,0,0,0,0,0,0,0,0,0,0,0,0,0,0,0,0,0,0,0
3625189559840,4.999774,1788965164107110716,,0,0,0,0,0,0,0,0,0,0,0,0,0,0,0,0,0,0,0
3625209602976,5.0198171,1788965164127110967,,0,0,0,0,0,0,0,0,0,0,0,0,0,0,0,0,0,0,0
3625229550784,5.0397649,1788965164147110813,,0,0,0,0,0,0,0,0,0,0,0,0,0,0,0,0,0,0,0
3625249539968,5.0597541,1788965164167111174,,0,0,0,0,0,0,0,0,0,0,0,0,0,0,0,0,0,0,0
3625269549472,5.0797636,1788965164187110065,,0,0,0,0,0,0,0,0,0,0,0,0,0,0,0,0,0,0,0
3625289524192,5.0997383,1788965164207110739,,0,0,0,0,0,0,0,0,0,0,0,0,0,0,0,0,0,0,0
3625309619136,5.1198332,1788965164227110564,,0,0,0,0,0,0,0,0,0,0,0,0,0,0,0,0,0,0,0
3625329581056,5.1397952,1788965164247110381,,0,0,0,0,0,0,0,0,0,0,0,0,0,0,0,0,0,0,0
3625349530784,5.1597449,1788965164267110180,,0,0,0,0,0,0,0,0,0,0,0,0,0,0,0,0,0,0,0
3625369541728,5.1797558,1788965164287110469,,0,0,0,0,0,0,0,0,0,0,0,0,0,0,0,0,0,0,0
3625389528288,5.1997424,1788965164307110603,,0,0,0,0,0,0,0,0,0,0,0,0,0,0,0,0,0,0,0
3625409560928,5.219775,1788965164327110410,,0,0,0,0,0,0,0,0,0,0,0,0,0,0,0,0,0,0,0
3625429559776,5.2397739,1788965164347110178,,0,0,0,0,0,0,0,0,0,0,0,0,0,0,0,0,0,0,0
3625449511360,5.2597255,1788965164367110900,,0,0,0,0,0,0,0,0,0,0,0,0,0,0,0,0,0,0,0
3625469501824,5.2797159,1788965164387110337,,0,0,0,0,0,0,0,0,0,0,0,0,0,0,0,0,0,0,0
3625489516640,5.2997308,1788965164407110844,,0,0,0,0,0,0,0,0,0,0,0,0,0,0,0,0,0,0,0
3625509555936,5.31977,1788965164427110339,,0,0,0,0,0,0,0,0,0,0,0,0,0,0,0,0,0,0,0
3625529525696,5.3397398,1788965164447110275,,0,0,0,0,0,0,0,0,0,0,0,0,0,0,0,0,0,0,0
3625549397504,5.3596116,1788965164467110120,,0,0,0,0,0,0,0,0,0,0,0,0,0,0,0,0,0,0,0
3625569510752,5.3797249,1788965164487110057,,0,0,0,0,0,0,0,0,0,0,0,0,0,0,0,0,0,0,0
3625589521984,5.3997361,1788965164507117011,,0,0,0,0,0,0,0,0,0,0,0,0,0,0,0,0,0,0,0
3625609567072,5.4197812,1788965164527110862,,0,0,0,0,0,0,0,0,0,0,0,0,0,0,0,0,0,0,0
3625629437728,5.4396518,1788965164547110933,,0,0,0,0,0,0,0,0,0,0,0,0,0,0,0,0,0,0,0
3625649524608,5.4597387,1788965164567111480,,0,0,0,0,0,0,0,0,0,0,0,0,0,0,0,0,0,0,0
3625669507712,5.4797218,1788965164587110674,,0,0,0,0,0,0,0,0,0,0,0,0,0,0,0,0,0,0,0
3625689490464,5.4997046,1788965164607110285,,0,0,0,0,0,0,0,0,0,0,0,0,0,0,0,0,0,0,0
3625709592480,5.5198066,1788965164627110408,,0,0,0,0,0,0,0,0,0,0,0,0,0,0,0,0,0,0,0
3625729519104,5.5397332,1788965164647111374,,0,0,0,0,0,0,0,0,0,0,0,0,0,0,0,0,0,0,0
3625749388800,5.5596029,1788965164667109976,,0,0,0,0,0,0,0,0,0,0,0,0,0,0,0,0,0,0,0
3625769504704,5.5797188,1788965164687110953,,0,0,0,0,0,0,0,0,0,0,0,0,0,0,0,0,0,0,0
3625789487840,5.599702,1788965164707110453,,0,0,0,0,0,0,0,0,0,0,0,0,0,0,0,0,0,0,0
3625809567264,5.6197814,1788965164727110673,,0,0,0,0,0,0,0,0,0,0,0,0,0,0,0,0,0,0,0
3625829535680,5.6397498,1788965164747110755,,0,0,0,0,0,0,0,0,0,0,0,0,0,0,0,0,0,0,0
3625849496288,5.6597104,1788965164767110507,,0,0,0,0,0,0,0,0,0,0,0,0,0,0,0,0,0,0,0
3625869492416,5.6797065,1788965164787110012,,0,0,0,0,0,0,0,0,0,0,0,0,0,0,0,0,0,0,0
3625889511296,5.6997254,1788965164807110858,,0,0,0,0,0,0,0,0,0,0,0,0,0,0,0,0,0,0,0
3625909535968,5.7197501,1788965164827110561,,0,0,0,0,0,0,0,0,0,0,0,0,0,0,0,0,0,0,0
3625929397408,5.7396115,1788965164847110594,,0,0,0,0,0,0,0,0,0,0,0,0,0,0,0,0,0,0,0
3625949413728,5.7596278,1788965164867110638,,0,0,0,0,0,0,0,0,0,0,0,0,0,0,0,0,0,0,0
3625969492864,5.779707,1788965164887110264,,0,0,0,0,0,0,0,0,0,0,0,0,0,0,0,0,0,0,0
3625989489760,5.7997039,1788965164907110778,,0,0,0,0,0,0,0,0,0,0,0,0,0,0,0,0,0,0,0
3626009576576,5.8197907,1788965164927123668,,0,0,0,0,0,0,0,0,0,0,0,0,0,0,0,0,0,0,0
3626029502816,5.8397169,1788965164947110336,,0,0,0,0,0,0,0,0,0,0,0,0,0,0,0,0,0,0,0
3626049517952,5.8597321,1788965164967110418,,0,0,0,0,0,0,0,0,0,0,0,0,0,0,0,0,0,0,0
3626069496640,5.8797108,1788965164987110670,,0,0,0,0,0,0,0,0,0,0,0,0,0,0,0,0,0,0,0
3626089519712,5.8997338,1788965165007110441,,0,0,0,0,0,0,0,0,0,0,0,0,0,0,0,0,0,0,0
3626109494752,5.9197089,1788965165027110939,,0,0,0,0,0,0,0,0,0,0,0,0,0,0,0,0,0,0,0
3626129367584,5.9395817,1788965165047110526,,0,0,0,0,0,0,0,0,0,0,0,0,0,0,0,0,0,0,0
3626149390272,5.9596044,1788965165067110256,,0,0,0,0,0,0,0,0,0,0,0,0,0,0,0,0,0,0,0
3626169536192,5.9797503,1788965165087110569,,0,0,0,0,0,0,0,0,0,0,0,0,0,0,0,0,0,0,0
3626189497344,5.9997115,1788965165107110686,,0,0,0,0,0,0,0,0,0,0,0,0,0,0,0,0,0,0,0
3626209573984,6.0197881,1788965165127110722,,0,0,0,0,0,0,0,0,0,0,0,0,0,0,0,0,0,0,0
3626229437344,6.0396515,1788965165147121080,,0,0,0,0,0,0,0,0,0,0,0,0,0,0,0,0,0,0,0
3626249480576,6.0596947,1788965165167110570,,0,0,0,0,0,0,0,0,0,0,0,0,0,0,0,0,0,0,0
3626269476256,6.0796904,1788965165187110474,,0,0,0,0,0,0,0,0,0,0,0,0,0,0,0,0,0,0,0
3626289503744,6.0997179,1788965165207110379,,0,0,0,0,0,0,0,0,0,0,0,0,0,0,0,0,0,0,0
3626309499392,6.1197135,1788965165227110140,,0,0,0,0,0,0,0,0,0,0,0,0,0,0,0,0,0,0,0
3626329483360,6.1396975,1788965165247113493,,0,0,0,0,0,0,0,0,0,0,0,0,0,0,0,0,0,0,0
3626349437280,6.1596514,1788965165267110678,,0,0,0,0,0,0,0,0,0,0,0,0,0,0,0,0,0,0,0
3626369468864,6.179683,1788965165287110956,,0,0,0,0,0,0,0,0,0,0,0,0,0,0,0,0,0,0,0
3626389459488,6.1996736,1788965165307110436,,0,0,0,0,0,0,0,0,0,0,0,0,0,0,0,0,0,0,0
3626409542464,6.2197566,1788965165327110693,,0,0,0,0,0,0,0,0,0,0,0,0,0,0,0,0,0,0,0
3626429429728,6.2396438,1788965165347111206,,0,0,0,0,0,0,0,0,0,0,0,0,0,0,0,0,0,0,0
3626449517024,6.2597311,1788965165367110877,,0,0,0,0,0,0,0,0,0,0,0,0,0,0,0,0,0,0,0
3626469467200,6.2796813,1788965165387110691,,0,0,0,0,0,0,0,0,0,0,0,0,0,0,0,0,0,0,0
3626489533536,6.2997476,1788965165407124743,,0,0,0,0,0,0,0,0,0,0,0,0,0,0,0,0,0,0,0
3626509470080,6.3196842,1788965165427110456,,0,0,0,0,0,0,0,0,0,0,0,0,0,0,0,0,0,0,0
3626529512064,6.3397262,1788965165447110789,,0,0,0,0,0,0,0,0,0,0,0,0,0,0,0,0,0,0,0
3626549373504,6.3595876,1788965165467110277,,0,0,0,0,0,0,0,0,0,0,0,0,0,0,0,0,0,0,0
3626569478240,6.3796924,1788965165487110438,,0,0,0,0,0,0,0,0,0,0,0,0,0,0,0,0,0,0,0
3626589454592,6.3996687,1788965165507110003,,0,0,0,0,0,0,0,0,0,0,0,0,0,0,0,0,0,0,0
3626609521600,6.4197357,1788965165527109960,,0,0,0,0,0,0,0,0,0,0,0,0,0,0,0,0,0,0,0
3626629480736,6.4396948,1788965165547110091,,0,0,0,0,0,0,0,0,0,0,0,0,0,0,0,0,0,0,0
3626649455008,6.4596691,1788965165567110636,,0,0,0,0,0,0,0,0,0,0,0,0,0,0,0,0,0,0,0
3626669461536,6.4796756,1788965165587119598,,0,0,0,0,0,0,0,0,0,0,0,0,0,0,0,0,0,0,0
3626689461024,6.4996751,1788965165607110906,,0,0,0,0,0,0,0,0,0,0,0,0,0,0,0,0,0,0,0
3626709770016,6.5199841,1788965165627112412,,0,0,0,0,0,0,0,0,0,0,0,0,0,0,0,0,0,0,0
3626729326112,6.5395402,1788965165647111314,,0,0,0,0,0,0,0,0,0,0,0,0,0,0,0,0,0,0,0
3626749339776,6.5595539,1788965165667110428,,0,0,0,0,0,0,0,0,0,0,0,0,0,0,0,0,0,0,0
3626769457792,6.5796719,1788965165687110742,,0,0,0,0,0,0,0,0,0,0,0,0,0,0,0,0,0,0,0
3626789447264,6.5996614,1788965165707109862,,0,0,0,0,0,0,0,0,0,0,0,0,0,0,0,0,0,0,0
3626809520000,6.6197341,1788965165727110286,,0,0,0,0,0,0,0,0,0,0,0,0,0,0,0,0,0,0,0
3626829463296,6.6396774,1788965165747110627,,0,0,0,0,0,0,0,0,0,0,0,0,0,0,0,0,0,0,0
3626849445888,6.65966,1788965165767110212,,0,0,0,0,0,0,0,0,0,0,0,0,0,0,0,0,0,0,0
3626869456832,6.6796709,1788965165787111154,,0,0,0,0,0,0,0,0,0,0,0,0,0,0,0,0,0,0,0
3626889433632,6.6996477,1788965165807124123,,0,0,0,0,0,0,0,0,0,0,0,0,0,0,0,0,0,0,0
3626909453408,6.7196675,1788965165827110350,,0,0,0,0,0,0,0,0,0,0,0,0,0,0,0,0,0,0,0
3626929460192,6.7396743,1788965165847110395,,0,0,0,0,0,0,0,0,0,0,0,0,0,0,0,0,0,0,0
3626949325408,6.7595395,1788965165867110964,,0,0,0,0,0,0,0,0,0,0,0,0,0,0,0,0,0,0,0
3626969424608,6.7796387,1788965165887110428,,0,0,0,0,0,0,0,0,0,0,0,0,0,0,0,0,0,0,0
3626989439168,6.7996533,1788965165907110648,,0,0,0,0,0,0,0,0,0,0,0,0,0,0,0,0,0,0,0
3627009516192,6.8197303,1788965165927110655,,0,0,0,0,0,0,0,0,0,0,0,0,0,0,0,0,0,0,0
3627029429088,6.8396432,1788965165947110445,,0,0,0,0,0,0,0,0,0,0,0,0,0,0,0,0,0,0,0
3627049443040,6.8596572,1788965165967110151,,0,0,0,0,0,0,0,0,0,0,0,0,0,0,0,0,0,0,0
3627069269888,6.879484,1788965165987110284,,0,0,0,0,0,0,0,0,0,0,0,0,0,0,0,0,0,0,0
3627089435808,6.8996499,1788965166007110273,,0,0,0,0,0,0,0,0,0,0,0,0,0,0,0,0,0,0,0
3627109494816,6.9197089,1788965166027110298,,0,0,0,0,0,0,0,0,0,0,0,0,0,0,0,0,0,0,0
3627129429728,6.9396438,1788965166047110286,,0,0,0,0,0,0,0,0,0,0,0,0,0,0,0,0,0,0,0
3627149309696,6.9595238,1788965166067110544,,0,0,0,0,0,0,0,0,0,0,0,0,0,0,0,0,0,0,0
3627169437824,6.9796519,1788965166087110325,,0,0,0,0,0,0,0,0,0,0,0,0,0,0,0,0,0,0,0
3627189431328,6.9996454,1788965166107110038,,0,0,0,0,0,0,0,0,0,0,0,0,0,0,0,0,0,0,0
3627209448256,7.0196624,1788965166127110488,,0,0,0,0,0,0,0,0,0,0,0,0,0,0,0,0,0,0,0
3627229462528,7.0396766,1788965166147111126,,0,0,0,0,0,0,0,0,0,0,0,0,0,0,0,0,0,0,0
3627249416256,7.0596304,1788965166167110915,,0,0,0,0,0,0,0,0,0,0,0,0,0,0,0,0,0,0,0
3627269443872,7.079658,1788965166187110255,,0,0,0,0,0,0,0,0,0,0,0,0,0,0,0,0,0,0,0
3627289429824,7.0996439,1788965166207110525,,0,0,0,0,0,0,0,0,0,0,0,0,0,0,0,0,0,0,0
3627309427680,7.1196418,1788965166227110291,,0,0,0,0,0,0,0,0,0,0,0,0,0,0,0,0,0,0,0
3627329399392,7.1396135,1788965166247110118,,0,0,0,0,0,0,0,0,0,0,0,0,0,0,0,0,0,0,0
3627349262112,7.1594762,1788965166267109978,,0,0,0,0,0,0,0,0,0,0,0,0,0,0,0,0,0,0,0
3627369412960,7.1796271,1788965166287110430,,0,0,0,0,0,0,0,0,0,0,0,0,0,0,0,0,0,0,0
3627389426528,7.1996406,1788965166307110370,,0,0,0,0,0,0,0,0,0,0,0,0,0,0,0,0,0,0,0
3627409429888,7.219644,1788965166327110642,,0,0,0,0,0,0,0,0,0,0,0,0,0,0,0,0,0,0,0
3627429418432,7.2396325,1788965166347110221,,0,0,0,0,0,0,0,0,0,0,0,0,0,0,0,0,0,0,0
3627449420800,7.2596349,1788965166367109969,,0,0,0,0,0,0,0,0,0,0,0,0,0,0,0,0,0,0,0
3627469419584,7.2796337,1788965166387109750,,0,0,0,0,0,0,0,0,0,0,0,0,0,0,0,0,0,0,0
3627489392928,7.299607,1788965166407110838,,0,0,0,0,0,0,0,0,0,0,0,0,0,0,0,0,0,0,0
3627509450496,7.3196646,1788965166427110696,,0,0,0,0,0,0,0,0,0,0,0,0,0,0,0,0,0,0,0
3627529267648,7.3394818,1788965166447111058,,0,0,0,0,0,0,0,0,0,0,0,0,0,0,0,0,0,0,0
3627549406432,7.3596205,1788965166467110508,,0,0,0,0,0,0,0,0,0,0,0,0,0,0,0,0,0,0,0
3627569417664,7.3796318,1788965166487110568,,0,0,0,0,0,0,0,0,0,0,0,0,0,0,0,0,0,0,0
3627589423680,7.3996378,1788965166507110242,,0,0,0,0,0,0,0,0,0,0,0,0,0,0,0,0,0,0,0
3627609445536,7.4196596,1788965166527110803,,0,0,0,0,0,0,0,0,0,0,0,0,0,0,0,0,0,0,0
3627629412832,7.4396269,1788965166547110842,,0,0,0,0,0,0,0,0,0,0,0,0,0,0,0,0,0,0,0
3627649399296,7.4596134,1788965166567110617,,0,0,0,0,0,0,0,0,0,0,0,0,0,0,0,0,0,0,0
3627669423488,7.4796376,1788965166587109901,,0,0,0,0,0,0,0,0,0,0,0,0,0,0,0,0,0,0,0
3627689279104,7.4994932,1788965166607110568,,0,0,0,0,0,0,0,0,0,0,0,0,0,0,0,0,0,0,0
3627709284064,7.5194982,1788965166627110190,,0,0,0,0,0,0,0,0,0,0,0,0,0,0,0,0,0,0,0
3627729420448,7.5396346,1788965166647110936,,0,0,0,0,0,0,0,0,0,0,0,0,0,0,0,0,0,0,0
3627749350720,7.5595648,1788965166667116494,,0,0,0,0,0,0,0,0,0,0,0,0,0,0,0,0,0,0,0
3627769402272,7.5796164,1788965166687113250,,0,0,0,0,0,0,0,0,0,0,0,0,0,0,0,0,0,0,0
3627789280480,7.5994946,1788965166707113201,,0,0,0,0,0,0,0,0,0,0,0,0,0,0,0,0,0,0,0
3627809268768,7.6194829,1788965166727111805,,0,0,0,0,0,0,0,0,0,0,0,0,0,0,0,0,0,0,0
3627829262016,7.6394761,1788965166747110857,,0,0,0,0,0,0,0,0,0,0,0,0,0,0,0,0,0,0,0
3627849244800,7.6594589,1788965166767110077,,0,0,0,0,0,0,0,0,0,0,0,0,0,0,0,0,0,0,0
3627869231840,7.679446,1788965166787110385,,0,0,0,0,0,0,0,0,0,0,0,0,0,0,0,0,0,0,0
3627889392288,7.6996064,1788965166807110621,,0,0,0,0,0,0,0,0,0,0,0,0,0,0,0,0,0,0,0
3627909240160,7.7194543,1788965166827110430,,0,0,0,0,0,0,0,0,0,0,0,0,0,0,0,0,0,0,0
3627929459072,7.7396732,1788965166847110743,,0,0,0,0,0,0,0,0,0,0,0,0,0,0,0,0,0,0,0
3627949257440,7.7594716,1788965166867110504,,0,0,0,0,0,0,0,0,0,0,0,0,0,0,0,0,0,0,0
3627969247168,7.7794613,1788965166887110325,,0,0,0,0,0,0,0,0,0,0,0,0,0,0,0,0,0,0,0
3627989257216,7.7994713,1788965166907110185,,0,0,0,0,0,0,0,0,0,0,0,0,0,0,0,0,0,0,0
3628009279360,7.8194935,1788965166927110787,,0,0,0,0,0,0,0,0,0,0,0,0,0,0,0,0,0,0,0
3628029267872,7.839482,1788965166947110405,,0,0,0,0,0,0,0,0,0,0,0,0,0,0,0,0,0,0,0
3628049371008,7.8595851,1788965166967110450,,0,0,0,0,0,0,0,0,0,0,0,0,0,0,0,0,0,0,0
3628069270432,7.8794845,1788965166987110215,,0,0,0,0,0,0,0,0,0,0,0,0,0,0,0,0,0,0,0
3628089226080,7.8994402,1788965167007110339,,0,0,0,0,0,0,0,0,0,0,0,0,0,0,0,0,0,0,0
3628109653376,7.9198675,1788965167027110644,,0,0,0,0,0,0,0,0,0,0,0,0,0,0,0,0,0,0,0
3628129248032,7.9394621,1788965167047110434,,0,0,0,0,0,0,0,0,0,0,0,0,0,0,0,0,0,0,0
3628149212320,7.9594264,1788965167067110431,,0,0,0,0,0,0,0,0,0,0,0,0,0,0,0,0,0,0,0
3628169210176,7.9794243,1788965167087110276,,0,0,0,0,0,0,0,0,0,0,0,0,0,0,0,0,0,0,0
3628189293504,7.9995076,1788965167107110557,,0,0,0,0,0,0,0,0,0,0,0,0,0,0,0,0,0,0,0
3628209289248,8.0195034,1788965167127111322,,0,0,0,0,0,0,0,0,0,0,0,0,0,0,0,0,0,0,0
3628229261664,8.0394758,1788965167147110978,,0,0,0,0,0,0,0,0,0,0,0,0,0,0,0,0,0,0,0
3628249380288,8.0595944,1788965167167110565,,0,0,0,0,0,0,0,0,0,0,0,0,0,0,0,0,0,0,0
3628269258592,8.0794727,1788965167187110842,,0,0,0,0,0,0,0,0,0,0,0,0,0,0,0,0,0,0,0
3628289374816,8.0995889,1788965167207110732,,0,0,0,0,0,0,0,0,0,0,0,0,0,0,0,0,0,0,0
3628309218624,8.1194327,1788965167227110383,,0,0,0,0,0,0,0,0,0,0,0,0,0,0,0,0,0,0,0
3628329401824,8.1396159,1788965167247110621,,0,0,0,0,0,0,0,0,0,0,0,0,0,0,0,0,0,0,0
3628349388256,8.1596024,1788965167267110269,,0,0,0,0,0,0,0,0,0,0,0,0,0,0,0,0,0,0,0
3628369260704,8.1794748,1788965167287110369,,0,0,0,0,0,0,0,0,0,0,0,0,0,0,0,0,0,0,0
3628389240864,8.199455,1788965167307111047,,0,0,0,0,0,0,0,0,0,0,0,0,0,0,0,0,0,0,0
3628409332768,8.2195469,1788965167327110802,,0,0,0,0,0,0,0,0,0,0,0,0,0,0,0,0,0,0,0
3628429225920,8.23944,1788965167347109911,,0,0,0,0,0,0,0,0,0,0,0,0,0,0,0,0,0,0,0
3628449198080,8.2594122,1788965167367110166,,0,0,0,0,0,0,0,0,0,0,0,0,0,0,0,0,0,0,0
3628469367712,8.2795818,1788965167387110542,,0,0,0,0,0,0,0,0,0,0,0,0,0,0,0,0,0,0,0
3628489199456,8.2994136,1788965167407110382,,0,0,0,0,0,0,0,0,0,0,0,0,0,0,0,0,0,0,0
3628509195328,8.3194094,1788965167427110463,,0,0,0,0,0,0,0,0,0,0,0,0,0,0,0,0,0,0,0
3628529454272,8.3396684,1788965167447110742,,0,0,0,0,0,0,0,0,0,0,0,0,0,0,0,0,0,0,0
3628549200864,8.359415,1788965167467110644,,0,0,0,0,0,0,0,0,0,0,0,0,0,0,0,0,0,0,0
3628569384448,8.3795986,1788965167487110656,,0,0,0,0,0,0,0,0,0,0,0,0,0,0,0,0,0,0,0
3628589371104,8.3995852,1788965167507110403,,0,0,0,0,0,0,0,0,0,0,0,0,0,0,0,0,0,0,0
3628609252736,8.4194668,1788965167527109785,,0,0,0,0,0,0,0,0,0,0,0,0,0,0,0,0,0,0,0
3628629321984,8.4395361,1788965167547110175,,0,0,0,0,0,0,0,0,0,0,0,0,0,0,0,0,0,0,0
3628649198272,8.4594124,1788965167567110242,,0,0,0,0,0,0,0,0,0,0,0,0,0,0,0,0,0,0,0
3628669186144,8.4794003,1788965167587110531,,0,0,0,0,0,0,0,0,0,0,0,0,0,0,0,0,0,0,0
3628689735200,8.4999493,1788965167607109982,,0,0,0,0,0,0,0,0,0,0,0,0,0,0,0,0,0,0,0
3628709200704,8.5194148,1788965167627110224,,0,0,0,0,0,0,0,0,0,0,0,0,0,0,0,0,0,0,0
3628729245056,8.5394592,1788965167647111013,,0,0,0,0,0,0,0,0,0,0,0,0,0,0,0,0,0,0,0
3628749223104,8.5594372,1788965167667124531,,0,0,0,0,0,0,0,0,0,0,0,0,0,0,0,0,0,0,0
3628769197536,8.5794116,1788965167687110149,,0,0,0,0,0,0,0,0,0,0,0,0,0,0,0,0,0,0,0
3628789245888,8.59946,1788965167707110258,,0,0,0,0,0,0,0,0,0,0,0,0,0,0,0,0,0,0,0
3628809245728,8.6194598,1788965167727110616,,0,0,0,0,0,0,0,0,0,0,0,0,0,0,0,0,0,0,0
3628829404864,8.639619,1788965167747116378,,0,0,0,0,0,0,0,0,0,0,0,0,0,0,0,0,0,0,0
3628849220992,8.6594351,1788965167767113366,,0,0,0,0,0,0,0,0,0,0,0,0,0,0,0,0,0,0,0
3628869243776,8.6794579,1788965167787110479,,0,0,0,0,0,0,0,0,0,0,0,0,0,0,0,0,0,0,0
3628889216256,8.6994304,1788965167807110246,,0,0,0,0,0,0,0,0,0,0,0,0,0,0,0,0,0,0,0
3628909250240,8.7194644,1788965167827120220,,0,0,0,0,0,0,0,0,0,0,0,0,0,0,0,0,0,0,0
3628929419712,8.7396338,1788965167847110822,,0,0,0,0,0,0,0,0,0,0,0,0,0,0,0,0,0,0,0
3628949225728,8.7594398,1788965167867110688,,0,0,0,0,0,0,0,0,0,0,0,0,0,0,0,0,0,0,0
3628969212448,8.7794266,1788965167887110672,,0,0,0,0,0,0,0,0,0,0,0,0,0,0,0,0,0,0,0
3628989238496,8.7994526,1788965167907110106,,0,0,0,0,0,0,0,0,0,0,0,0,0,0,0,0,0,0,0
3629009279584,8.8194937,1788965167927111117,,0,0,0,0,0,0,0,0,0,0,0,0,0,0,0,0,0,0,0
3629029272320,8.8394864,1788965167947110738,,0,0,0,0,0,0,0,0,0,0,0,0,0,0,0,0,0,0,0
3629049216864,8.859431,1788965167967111025,,0,0,0,0,0,0,0,0,0,0,0,0,0,0,0,0,0,0,0
3629069248512,8.8794626,1788965167987110536,,0,0,0,0,0,0,0,0,0,0,0,0,0,0,0,0,0,0,0
3629089245472,8.8994596,1788965168007110872,,0,0,0,0,0,0,0,0,0,0,0,0,0,0,0,0,0,0,0
3629109228832,8.9194429,1788965168027110899,,0,0,0,0,0,0,0,0,0,0,0,0,0,0,0,0,0,0,0
3629129366720,8.9395808,1788965168047110513,,0,0,0,0,0,0,0,0,0,0,0,0,0,0,0,0,0,0,0
3629149295648,8.9595098,1788965168067110774,,0,0,0,0,0,0,0,0,0,0,0,0,0,0,0,0,0,0,0
3629169218688,8.9794328,1788965168087110306,,0,0,0,0,0,0,0,0,0,0,0,0,0,0,0,0,0,0,0
3629189299648,8.9995138,1788965168107110914,,0,0,0,0,0,0,0,0,0,0,0,0,0,0,0,0,0,0,0
3629209238752,9.0194529,1788965168127110989,,0,0,0,0,0,0,0,0,0,0,0,0,0,0,0,0,0,0,0
3629229403552,9.0396177,1788965168147110794,,0,0,0,0,0,0,0,0,0,0,0,0,0,0,0,0,0,0,0
3629249195744,9.0594099,1788965168167110476,,0,0,0,0,0,0,0,0,0,0,0,0,0,0,0,0,0,0,0
3629269248128,9.0794622,1788965168187110291,,0,0,0,0,0,0,0,0,0,0,0,0,0,0,0,0,0,0,0
3629289436736,9.0996508,1788965168207110734,,0,0,0,0,0,0,0,0,0,0,0,0,0,0,0,0,0,0,0
3629309202496,9.1194166,1788965168227110984,,0,0,0,0,0,0,0,0,0,0,0,0,0,0,0,0,0,0,0
3629329261120,9.1394752,1788965168247110515,,0,0,0,0,0,0,0,0,0,0,0,0,0,0,0,0,0,0,0
3629349254432,9.1594685,1788965168267110106,,0,0,0,0,0,0,0,0,0,0,0,0,0,0,0,0,0,0,0
3629369225664,9.1794398,1788965168287110014,,0,0,0,0,0,0,0,0,0,0,0,0,0,0,0,0,0,0,0
3629389252736,9.1994668,1788965168307110629,,0,0,0,0,0,0,0,0,0,0,0,0,0,0,0,0,0,0,0
3629409200000,9.2194141,1788965168327110426,,0,0,0,0,0,0,0,0,0,0,0,0,0,0,0,0,0,0,0
3629429332160,9.2395463,1788965168347110567,,0,0,0,0,0,0,0,0,0,0,0,0,0,0,0,0,0,0,0
3629449196704,9.2594108,1788965168367110625,,0,0,0,0,0,0,0,0,0,0,0,0,0,0,0,0,0,0,0
3629469218752,9.2794329,1788965168387110420,,0,0,0,0,0,0,0,0,0,0,0,0,0,0,0,0,0,0,0
3629489208160,9.2994223,1788965168407110953,,0,0,0,0,0,0,0,0,0,0,0,0,0,0,0,0,0,0,0
3629509416384,9.3196305,1788965168427110306,,0,0,0,0,0,0,0,0,0,0,0,0,0,0,0,0,0,0,0
3629529297408,9.3395115,1788965168447110665,,0,0,0,0,0,0,0,0,0,0,0,0,0,0,0,0,0,0,0
3629549252608,9.3594667,1788965168467110130,,0,0,0,0,0,0,0,0,0,0,0,0,0,0,0,0,0,0,0
3629569276416,9.3794905,1788965168487110326,,0,0,0,0,0,0,0,0,0,0,0,0,0,0,0,0,0,0,0
3629589207584,9.3994217,1788965168507110357,,0,0,0,0,0,0,0,0,0,0,0,0,0,0,0,0,0,0,0
3629609225280,9.4194394,1788965168527110353,,0,0,0,0,0,0,0,0,0,0,0,0,0,0,0,0,0,0,0
3629629230336,9.4394444,1788965168547110611,,0,0,0,0,0,0,0,0,0,0,0,0,0,0,0,0,0,0,0
3629649214336,9.4594284,1788965168567110570,,0,0,0,0,0,0,0,0,0,0,0,0,0,0,0,0,0,0,0
3629669243200,9.4794573,1788965168587110375,,0,0,0,0,0,0,0,0,0,0,0,0,0,0,0,0,0,0,0
3629689179168,9.4993933,1788965168607111098,,0,0,0,0,0,0,0,0,0,0,0,0,0,0,0,0,0,0,0
3629709207744,9.5194219,1788965168627111018,,0,0,0,0,0,0,0,0,0,0,0,0,0,0,0,0,0,0,0
3629729238304,9.5394524,1788965168647112163,,0,0,0,0,0,0,0,0,0,0,0,0,0,0,0,0,0,0,0
3629749205440,9.5594196,1788965168667110580,,0,0,0,0,0,0,0,0,0,0,0,0,0,0,0,0,0,0,0
3629769223552,9.5794377,1788965168687109853,,0,0,0,0,0,0,0,0,0,0,0,0,0,0,0,0,0,0,0
3629789186176,9.5994003,1788965168707110418,,0,0,0,0,0,0,0,0,0,0,0,0,0,0,0,0,0,0,0
3629809213152,9.6194273,1788965168727110605,,0,0,0,0,0,0,0,0,0,0,0,0,0,0,0,0,0,0,0
3629829296224,9.6395103,1788965168747109987,,0,0,0,0,0,0,0,0,0,0,0,0,0,0,0,0,0,0,0
3629849186176,9.6594003,1788965168767110078,,0,0,0,0,0,0,0,0,0,0,0,0,0,0,0,0,0,0,0
3629869815040,9.6800292,1788965168787110466,,0,0,0,0,0,0,0,0,0,0,0,0,0,0,0,0,0,0,0
3629889256768,9.6994709,1788965168807110010,,0,0,0,0,0,0,0,0,0,0,0,0,0,0,0,0,0,0,0
3629909477280,9.7196914,1788965168827110603,,0,0,0,0,0,0,0,0,0,0,0,0,0,0,0,0,0,0,0
3629929194688,9.7394088,1788965168847113639,,0,0,0,0,0,0,0,0,0,0,0,0,0,0,0,0,0,0,0
3629949340480,9.7595546,1788965168867113010,,0,0,0,0,0,0,0,0,0,0,0,0,0,0,0,0,0,0,0
3629969230112,9.7794442,1788965168887120080,,0,0,0,0,0,0,0,0,0,0,0,0,0,0,0,0,0,0,0
3629989228672,9.7994428,1788965168907111122,,0,0,0,0,0,0,0,0,0,0,0,0,0,0,0,0,0,0,0
3630009227968,9.8194421,1788965168927110202,,0,0,0,0,0,0,0,0,0,0,0,0,0,0,0,0,0,0,0
3630029269952,9.8394841,1788965168947110692,,0,0,0,0,0,0,0,0,0,0,0,0,0,0,0,0,0,0,0
3630049230592,9.8594447,1788965168967110454,,0,0,0,0,0,0,0,0,0,0,0,0,0,0,0,0,0,0,0
3630069291872,9.879506,1788965168987110093,,0,0,0,0,0,0,0,0,0,0,0,0,0,0,0,0,0,0,0
3630089206464,9.8994206,1788965169007110330,,0,0,0,0,0,0,0,0,0,0,0,0,0,0,0,0,0,0,0
3630109183072,9.9193972,1788965169027110771,,0,0,0,0,0,0,0,0,0,0,0,0,0,0,0,0,0,0,0
3630129208224,9.9394223,1788965169047110526,,0,0,0,0,0,0,0,0,0,0,0,0,0,0,0,0,0,0,0
3630149176032,9.9593901,1788965169067110273,,0,0,0,0,0,0,0,0,0,0,0,0,0,0,0,0,0,0,0
3630169181632,9.9793957,1788965169087110353,,0,0,0,0,0,0,0,0,0,0,0,0,0,0,0,0,0,0,0
3630189236576,9.9994507,1788965169107110512,,0,0,0,0,0,0,0,0,0,0,0,0,0,0,0,0,0,0,0
3630209193472,10.019408,1788965169127110499,,0,0,0,0,0,0,0,0,0,0,0,0,0,0,0,0,0,0,0
3630229301600,10.039516,1788965169147111623,,0,0,0,0,0,0,0,0,0,0,0,0,0,0,0,0,0,0,0
3630249195648,10.05941,1788965169167110162,,0,0,0,0,0,0,0,0,0,0,0,0,0,0,0,0,0,0,0
3630269230016,10.079444,1788965169187110803,,0,0,0,0,0,0,0,0,0,0,0,0,0,0,0,0,0,0,0
3630289205888,10.09942,1788965169207110242,,0,0,0,0,0,0,0,0,0,0,0,0,0,0,0,0,0,0,0
3630309190784,10.119405,1788965169227110375,,0,0,0,0,0,0,0,0,0,0,0,0,0,0,0,0,0,0,0
3630329229760,10.139444,1788965169247110212,,0,0,0,0,0,0,0,0,0,0,0,0,0,0,0,0,0,0,0
3630349164896,10.159379,1788965169267110025,,0,0,0,0,0,0,0,0,0,0,0,0,0,0,0,0,0,0,0
3630369185312,10.179399,1788965169287109914,,0,0,0,0,0,0,0,0,0,0,0,0,0,0,0,0,0,0,0
3630389229248,10.199443,1788965169307110228,,0,0,0,0,0,0,0,0,0,0,0,0,0,0,0,0,0,0,0
3630409254560,10.219469,1788965169327110082,,0,0,0,0,0,0,0,0,0,0,0,0,0,0,0,0,0,0,0
3630429277632,10.239492,1788965169347110270,,0,0,0,0,0,0,0,0,0,0,0,0,0,0,0,0,0,0,0
3630449224256,10.259438,1788965169367111887,,0,0,0,0,0,0,0,0,0,0,0,0,0,0,0,0,0,0,0
3630469245504,10.27946,1788965169387110499,,0,0,0,0,0,0,0,0,0,0,0,0,0,0,0,0,0,0,0
3630489229248,10.299443,1788965169407110916,,0,0,0,0,0,0,0,0,0,0,0,0,0,0,0,0,0,0,0
3630509214304,10.319428,1788965169427110646,,0,0,0,0,0,0,0,0,0,0,0,0,0,0,0,0,0,0,0
3630529238048,10.339452,1788965169447110348,,0,0,0,0,0,0,0,0,0,0,0,0,0,0,0,0,0,0,0
3630549154592,10.359369,1788965169467110665,,0,0,0,0,0,0,0,0,0,0,0,0,0,0,0,0,0,0,0
3630569240800,10.379455,1788965169487110399,,0,0,0,0,0,0,0,0,0,0,0,0,0,0,0,0,0,0,0
3630589264064,10.399478,1788965169507111114,,0,0,0,0,0,0,0,0,0,0,0,0,0,0,0,0,0,0,0
3630609214336,10.419428,1788965169527110501,,0,0,0,0,0,0,0,0,0,0,0,0,0,0,0,0,0,0,0
3630629246816,10.439461,1788965169547110664,,0,0,0,0,0,0,0,0,0,0,0,0,0,0,0,0,0,0,0
3630649221376,10.459435,1788965169567113484,,0,0,0,0,0,0,0,0,0,0,0,0,0,0,0,0,0,0,0
3630669218528,10.479433,1788965169587110303,,0,0,0,0,0,0,0,0,0,0,0,0,0,0,0,0,0,0,0
3630689318400,10.499533,1788965169607110078,,0,0,0,0,0,0,0,0,0,0,0,0,0,0,0,0,0,0,0
3630709175680,10.51939,1788965169627110745,,0,0,0,0,0,0,0,0,0,0,0,0,0,0,0,0,0,0,0
3630729249440,10.539464,1788965169647111819,,0,0,0,0,0,0,0,0,0,0,0,0,0,0,0,0,0,0,0
3630749147456,10.559362,1788965169667110609,,0,0,0,0,0,0,0,0,0,0,0,0,0,0,0,0,0,0,0
3630769241920,10.579456,1788965169687111203,,0,0,0,0,0,0,0,0,0,0,0,0,0,0,0,0,0,0,0
3630789224768,10.599439,1788965169707110599,,0,0,0,0,0,0,0,0,0,0,0,0,0,0,0,0,0,0,0
3630809224576,10.619439,1788965169727110807,,0,0,0,0,0,0,0,0,0,0,0,0,0,0,0,0,0,0,0
3630829240288,10.639454,1788965169747110665,,0,0,0,0,0,0,0,0,0,0,0,0,0,0,0,0,0,0,0
3630849189664,10.659404,1788965169767110451,,0,0,0,0,0,0,0,0,0,0,0,0,0,0,0,0,0,0,0
3630869210752,10.679425,1788965169787110158,,0,0,0,0,0,0,0,0,0,0,0,0,0,0,0,0,0,0,0
3630889199456,10.699414,1788965169807110620,,0,0,0,0,0,0,0,0,0,0,0,0,0,0,0,0,0,0,0
3630909199584,10.719414,1788965169827111197,,0,0,0,0,0,0,0,0,0,0,0,0,0,0,0,0,0,0,0
3630929230976,10.739445,1788965169847110370,,0,0,0,0,0,0,0,0,0,0,0,0,0,0,0,0,0,0,0
3630949138272,10.759352,1788965169867109933,,0,0,0,0,0,0,0,0,0,0,0,0,0,0,0,0,0,0,0
3630969190880,10.779405,1788965169887109568,,0,0,0,0,0,0,0,0,0,0,0,0,0,0,0,0,0,0,0
3630989212576,10.799427,1788965169907110225,,0,0,0,0,0,0,0,0,0,0,0,0,0,0,0,0,0,0,0
3631009204000,10.819418,1788965169927110484,,0,0,0,0,0,0,0,0,0,0,0,0,0,0,0,0,0,0,0
3631029230912,10.839445,1788965169947110277,,0,0,0,0,0,0,0,0,0,0,0,0,0,0,0,0,0,0,0
3631049207616,10.859422,1788965169967122392,,0,0,0,0,0,0,0,0,0,0,0,0,0,0,0,0,0,0,0
3631069299648,10.879514,1788965169987110604,,0,0,0,0,0,0,0,0,0,0,0,0,0,0,0,0,0,0,0
3631089215392,10.89943,1788965170007109994,,0,0,0,0,0,0,0,0,0,0,0,0,0,0,0,0,0,0,0
3631109200704,10.919415,1788965170027110423,,0,0,0,0,0,0,0,0,0,0,0,0,0,0,0,0,0,0,0
3631129224896,10.939439,1788965170047110878,,0,0,0,0,0,0,0,0,0,0,0,0,0,0,0,0,0,0,0
3631149129120,10.959343,1788965170067110281,,0,0,0,0,0,0,0,0,0,0,0,0,0,0,0,0,0,0,0
3631169197376,10.979411,1788965170087110514,,0,0,0,0,0,0,0,0,0,0,0,0,0,0,0,0,0,0,0
3631189210720,10.999425,1788965170107110857,,0,0,0,0,0,0,0,0,0,0,0,0,0,0,0,0,0,0,0
3631209201696,11.019416,1788965170127111496,,0,0,0,0,0,0,0,0,0,0,0,0,0,0,0,0,0,0,0
3631229241152,11.039455,1788965170147113929,,0,0,0,0,0,0,0,0,0,0,0,0,0,0,0,0,0,0,0
3631249209696,11.059424,1788965170167110370,,0,0,0,0,0,0,0,0,0,0,0,0,0,0,0,0,0,0,0
3631269212608,11.079427,1788965170187110294,,0,0,0,0,0,0,0,0,0,0,0,0,0,0,0,0,0,0,0
3631289214080,11.099428,1788965170207110646,,0,0,0,0,0,0,0,0,0,0,0,0,0,0,0,0,0,0,0
3631309210048,11.119424,1788965170227110781,,0,0,0,0,0,0,0,0,0,0,0,0,0,0,0,0,0,0,0
3631329241728,11.139456,1788965170247110291,,0,0,0,0,0,0,0,0,0,0,0,0,0,0,0,0,0,0,0
3631349217664,11.159432,1788965170267110683,,0,0,0,0,0,0,0,0,0,0,0,0,0,0,0,0,0,0,0
3631369212160,11.179426,1788965170287111134,,0,0,0,0,0,0,0,0,0,0,0,0,0,0,0,0,0,0,0
3631389220384,11.199434,1788965170307110666,,0,0,0,0,0,0,0,0,0,0,0,0,0,0,0,0,0,0,0
3631409207360,11.219421,1788965170327110576,,0,0,0,0,0,0,0,0,0,0,0,0,0,0,0,0,0,0,0
3631429257056,11.239471,1788965170347110283,,0,0,0,0,0,0,0,0,0,0,0,0,0,0,0,0,0,0,0
3631449224864,11.259439,1788965170367110743,,0,0,0,0,0,0,0,0,0,0,0,0,0,0,0,0,0,0,0
3631469224256,11.279438,1788965170387110922,,0,0,0,0,0,0,0,0,0,0,0,0,0,0,0,0,0,0,0
3631489241312,11.299455,1788965170407110023,,0,0,0,0,0,0,0,0,0,0,0,0,0,0,0,0,0,0,0
3631509229504,11.319444,1788965170427110719,,0,0,0,0,0,0,0,0,0,0,0,0,0,0,0,0,0,0,0
3631529243936,11.339458,1788965170447110327,,0,0,0,0,0,0,0,0,0,0,0,0,0,0,0,0,0,0,0
3631549136192,11.35935,1788965170467110100,,0,0,0,0,0,0,0,0,0,0,0,0,0,0,0,0,0,0,0
3631569223488,11.379438,1788965170487110153,,0,0,0,0,0,0,0,0,0,0,0,0,0,0,0,0,0,0,0
3631589220992,11.399435,1788965170507110147,,0,0,0,0,0,0,0,0,0,0,0,0,0,0,0,0,0,0,0
3631609237504,11.419452,1788965170527110865,,0,0,0,0,0,0,0,0,0,0,0,0,0,0,0,0,0,0,0
3631629218080,11.439432,1788965170547110779,,0,0,0,0,0,0,0,0,0,0,0,0,0,0,0,0,0,0,0
3631649240832,11.459455,1788965170567110623,,0,0,0,0,0,0,0,0,0,0,0,0,0,0,0,0,0,0,0
3631669230176,11.479444,1788965170587109973,,0,0,0,0,0,0,0,0,0,0,0,0,0,0,0,0,0,0,0
3631689207904,11.499422,1788965170607109971,,0,0,0,0,0,0,0,0,0,0,0,0,0,0,0,0,0,0,0
3631709225216,11.519439,1788965170627110247,,0,0,0,0,0,0,0,0,0,0,0,0,0,0,0,0,0,0,0
3631729217312,11.539431,1788965170647110558,,0,0,0,0,0,0,0,0,0,0,0,0,0,0,0,0,0,0,0
3631749106080,11.55932,1788965170667110162,,0,0,0,0,0,0,0,0,0,0,0,0,0,0,0,0,0,0,0
3631769226720,11.579441,1788965170687110026,,0,0,0,0,0,0,0,0,0,0,0,0,0,0,0,0,0,0,0
3631789248448,11.599463,1788965170707110703,,0,0,0,0,0,0,0,0,0,0,0,0,0,0,0,0,0,0,0
3631809192544,11.619407,1788965170727110673,,0,0,0,0,0,0,0,0,0,0,0,0,0,0,0,0,0,0,0
3631829246944,11.639461,1788965170747110106,,0,0,0,0,0,0,0,0,0,0,0,0,0,0,0,0,0,0,0
3631849209248,11.659423,1788965170767110507,,0,0,0,0,0,0,0,0,0,0,0,0,0,0,0,0,0,0,0
3631869196992,11.679411,1788965170787110730,,0,0,0,0,0,0,0,0,0,0,0,0,0,0,0,0,0,0,0
3631889259264,11.699473,1788965170807113429,,0,0,0,0,0,0,0,0,0,0,0,0,0,0,0,0,0,0,0
3631909204128,11.719418,1788965170827110235,,0,0,0,0,0,0,0,0,0,0,0,0,0,0,0,0,0,0,0
3631929191744,11.739406,1788965170847110718,,0,0,0,0,0,0,0,0,0,0,0,0,0,0,0,0,0,0,0
3631949135040,11.759349,1788965170867110199,,0,0,0,0,0,0,0,0,0,0,0,0,0,0,0,0,0,0,0
3631969200832,11.779415,1788965170887110080,,0,0,0,0,0,0,0,0,0,0,0,0,0,0,0,0,0,0,0
3631989172224,11.799386,1788965170907110600,,0,0,0,0,0,0,0,0,0,0,0,0,0,0,0,0,0,0,0
3632009209696,11.819424,1788965170927110079,,0,0,0,0,0,0,0,0,0,0,0,0,0,0,0,0,0,0,0
3632029229792,11.839444,1788965170947110245,,0,0,0,0,0,0,0,0,0,0,0,0,0,0,0,0,0,0,0
3632049225440,11.85944,1788965170967110214,,0,0,0,0,0,0,0,0,0,0,0,0,0,0,0,0,0,0,0
3632069215936,11.87943,1788965170987109898,,0,0,0,0,0,0,0,0,0,0,0,0,0,0,0,0,0,0,0
3632089203776,11.899418,1788965171007113359,,0,0,0,0,0,0,0,0,0,0,0,0,0,0,0,0,0,0,0
3632109230080,11.919444,1788965171027110274,,0,0,0,0,0,0,0,0,0,0,0,0,0,0,0,0,0,0,0
3632129214016,11.939428,1788965171047113161,,0,0,0,0,0,0,0,0,0,0,0,0,0,0,0,0,0,0,0
3632149091392,11.959306,1788965171067110392,,0,0,0,0,0,0,0,0,0,0,0,0,0,0,0,0,0,0,0
3632169217248,11.979431,1788965171087110360,,0,0,0,0,0,0,0,0,0,0,0,0,0,0,0,0,0,0,0
3632189229376,11.999443,1788965171107113544,,0,0,0,0,0,0,0,0,0,0,0,0,0,0,0,0,0,0,0
3632209206144,12.01942,1788965171127110349,,0,0,0,0,0,0,0,0,0,0,0,0,0,0,0,0,0,0,0
3632229207424,12.039422,1788965171147111227,,0,0,0,0,0,0,0,0,0,0,0,0,0,0,0,0,0,0,0
3632249202080,12.059416,1788965171167110421,,0,0,0,0,0,0,0,0,0,0,0,0,0,0,0,0,0,0,0
3632269183104,12.079397,1788965171187114262,,0,0,0,0,0,0,0,0,0,0,0,0,0,0,0,0,0,0,0
3632289202944,12.099417,1788965171207110595,,0,0,0,0,0,0,0,0,0,0,0,0,0,0,0,0,0,0,0
3632309215584,12.11943,1788965171227111061,,0,0,0,0,0,0,0,0,0,0,0,0,0,0,0,0,0,0,0
3632329180832,12.139395,1788965171247110214,,0,0,0,0,0,0,0,0,0,0,0,0,0,0,0,0,0,0,0
3632349083808,12.159298,1788965171267110236,,0,0,0,0,0,0,0,0,0,0,0,0,0,0,0,0,0,0,0
3632369199488,12.179414,1788965171287110133,,0,0,0,0,0,0,0,0,0,0,0,0,0,0,0,0,0,0,0
3632389228256,12.199442,1788965171307110546,,0,0,0,0,0,0,0,0,0,0,0,0,0,0,0,0,0,0,0
3632409226016,12.21944,1788965171327110840,,0,0,0,0,0,0,0,0,0,0,0,0,0,0,0,0,0,0,0
3632429187072,12.239401,1788965171347110351,,0,0,0,0,0,0,0,0,0,0,0,0,0,0,0,0,0,0,0
3632449163168,12.259377,1788965171367110380,,0,0,0,0,0,0,0,0,0,0,0,0,0,0,0,0,0,0,0
3632469201184,12.279415,1788965171387110262,,0,0,0,0,0,0,0,0,0,0,0,0,0,0,0,0,0,0,0
3632489188672,12.299403,1788965171407110550,,0,0,0,0,0,0,0,0,0,0,0,0,0,0,0,0,0,0,0
3632509194016,12.319408,1788965171427124470,,0,0,0,0,0,0,0,0,0,0,0,0,0,0,0,0,0,0,0
3632529216992,12.339431,1788965171447110567,,0,0,0,0,0,0,0,0,0,0,0,0,0,0,0,0,0,0,0
3632549091040,12.359305,1788965171467110539,,0,0,0,0,0,0,0,0,0,0,0,0,0,0,0,0,0,0,0
3632569190528,12.379405,1788965171487110751,,0,0,0,0,0,0,0,0,0,0,0,0,0,0,0,0,0,0,0
3632589204512,12.399419,1788965171507111004,,0,0,0,0,0,0,0,0,0,0,0,0,0,0,0,0,0,0,0
3632609162528,12.419377,1788965171527110473,,0,0,0,0,0,0,0,0,0,0,0,0,0,0,0,0,0,0,0
3632629193952,12.439408,1788965171547110450,,0,0,0,0,0,0,0,0,0,0,0,0,0,0,0,0,0,0,0
3632649162496,12.459377,1788965171567111250,,0,0,0,0,0,0,0,0,0,0,0,0,0,0,0,0,0,0,0
3632669173152,12.479387,1788965171587110822,,0,0,0,0,0,0,0,0,0,0,0,0,0,0,0,0,0,0,0
3632689194656,12.499409,1788965171607111196,,0,0,0,0,0,0,0,0,0,0,0,0,0,0,0,0,0,0,0
3632709204256,12.519418,1788965171627125134,,0,0,0,0,0,0,0,0,0,0,0,0,0,0,0,0,0,0,0
3632729165056,12.539379,1788965171647111744,,0,0,0,0,0,0,0,0,0,0,0,0,0,0,0,0,0,0,0
3632749110912,12.559325,1788965171667110932,,0,0,0,0,0,0,0,0,0,0,0,0,0,0,0,0,0,0,0
3632769163968,12.579378,1788965171687110259,,0,0,0,0,0,0,0,0,0,0,0,0,0,0,0,0,0,0,0
3632789153376,12.599367,1788965171707110861,,0,0,0,0,0,0,0,0,0,0,0,0,0,0,0,0,0,0,0
3632809180224,12.619394,1788965171727110140,,0,0,0,0,0,0,0,0,0,0,0,0,0,0,0,0,0,0,0
3632829222976,12.639437,1788965171747110922,,0,0,0,0,0,0,0,0,0,0,0,0,0,0,0,0,0,0,0
3632849146976,12.659361,1788965171767110864,,0,0,0,0,0,0,0,0,0,0,0,0,0,0,0,0,0,0,0
3632869174496,12.679389,1788965171787110573,,0,0,0,0,0,0,0,0,0,0,0,0,0,0,0,0,0,0,0
3632889155680,12.69937,1788965171807110127,,0,0,0,0,0,0,0,0,0,0,0,0,0,0,0,0,0,0,0
3632909149376,12.719363,1788965171827111261,,0,0,0,0,0,0,0,0,0,0,0,0,0,0,0,0,0,0,0
3632929164800,12.739379,1788965171847111299,,0,0,0,0,0,0,0,0,0,0,0,0,0,0,0,0,0,0,0
3632949043648,12.759258,1788965171867111036,,0,0,0,0,0,0,0,0,0,0,0,0,0,0,0,0,0,0,0
3632969188416,12.779403,1788965171887111095,,0,0,0,0,0,0,0,0,0,0,0,0,0,0,0,0,0,0,0
3632989194208,12.799408,1788965171907110946,,0,0,0,0,0,0,0,0,0,0,0,0,0,0,0,0,0,0,0
3633009143648,12.819358,1788965171927110777,,0,0,0,0,0,0,0,0,0,0,0,0,0,0,0,0,0,0,0
3633029164512,12.839379,1788965171947110951,,0,0,0,0,0,0,0,0,0,0,0,0,0,0,0,0,0,0,0
3633049170816,12.859385,1788965171967111357,,0,0,0,0,0,0,0,0,0,0,0,0,0,0,0,0,0,0,0
3633069142400,12.879357,1788965171987111067,,0,0,0,0,0,0,0,0,0,0,0,0,0,0,0,0,0,0,0
3633089183040,12.899397,1788965172007110605,,0,0,0,0,0,0,0,0,0,0,0,0,0,0,0,0,0,0,0
3633109143552,12.919358,1788965172027110690,,0,0,0,0,0,0,0,0,0,0,0,0,0,0,0,0,0,0,0
3633129188064,12.939402,1788965172047110773,,0,0,0,0,0,0,0,0,0,0,0,0,0,0,0,0,0,0,0
3633149079360,12.959293,1788965172067110370,,0,0,0,0,0,0,0,0,0,0,0,0,0,0,0,0,0,0,0
3633169172992,12.979387,1788965172087110400,,0,0,0,0,0,0,0,0,0,0,0,0,0,0,0,0,0,0,0
3633189193440,12.999408,1788965172107111531,,0,0,0,0,0,0,0,0,0,0,0,0,0,0,0,0,0,0,0
3633209174272,13.019388,1788965172127110632,,0,0,0,0,0,0,0,0,0,0,0,0,0,0,0,0,0,0,0
3633229195168,13.039409,1788965172147111312,,0,0,0,0,0,0,0,0,0,0,0,0,0,0,0,0,0,0,0
3633249122720,13.059337,1788965172167110835,,0,0,0,0,0,0,0,0,0,0,0,0,0,0,0,0,0,0,0
3633269170528,13.079385,1788965172187124106,,0,0,0,0,0,0,0,0,0,0,0,0,0,0,0,0,0,0,0
3633289163968,13.099378,1788965172207110677,,0,0,0,0,0,0,0,0,0,0,0,0,0,0,0,0,0,0,0
3633309137728,13.119352,1788965172227110835,,0,0,0,0,0,0,0,0,0,0,0,0,0,0,0,0,0,0,0
3633329148448,13.139363,1788965172247110425,,0,0,0,0,0,0,0,0,0,0,0,0,0,0,0,0,0,0,0
3633349151008,13.159365,1788965172267113641,,0,0,0,0,0,0,0,0,0,0,0,0,0,0,0,0,0,0,0
3633369140768,13.179355,1788965172287111075,,0,0,0,0,0,0,0,0,0,0,0,0,0,0,0,0,0,0,0
3633389144064,13.199358,1788965172307110563,,0,0,0,0,0,0,0,0,0,0,0,0,0,0,0,0,0,0,0
3633409128000,13.219342,1788965172327111131,,0,0,0,0,0,0,0,0,0,0,0,0,0,0,0,0,0,0,0
3633429138592,13.239353,1788965172347110510,,0,0,0,0,0,0,0,0,0,0,0,0,0,0,0,0,0,0,0
3633449152128,13.259366,1788965172367110469,,0,0,0,0,0,0,0,0,0,0,0,0,0,0,0,0,0,0,0
3633469114784,13.279329,1788965172387111210,,0,0,0,0,0,0,0,0,0,0,0,0,0,0,0,0,0,0,0
3633489137248,13.299351,1788965172407117442,,0,0,0,0,0,0,0,0,0,0,0,0,0,0,0,0,0,0,0
3633509135232,13.319349,1788965172427127418,,0,0,0,0,0,0,0,0,0,0,0,0,0,0,0,0,0,0,0
3633529152320,13.339366,1788965172447117111,,0,0,0,0,0,0,0,0,0,0,0,0,0,0,0,0,0,0,0
3633549026400,13.359241,1788965172467116463,,0,0,0,0,0,0,0,0,0,0,0,0,0,0,0,0,0,0,0
3633569132480,13.379347,1788965172487117530,,0,0,0,0,0,0,0,0,0,0,0,0,0,0,0,0,0,0,0
3633589140768,13.399355,1788965172507111422,,0,0,0,0,0,0,0,0,0,0,0,0,0,0,0,0,0,0,0
3633609162720,13.419377,1788965172527111259,,0,0,0,0,0,0,0,0,0,0,0,0,0,0,0,0,0,0,0
3633629172736,13.439387,1788965172547111046,,0,0,0,0,0,0,0,0,0,0,0,0,0,0,0,0,0,0,0
3633649115552,13.45933,1788965172567110783,,0,0,0,0,0,0,0,0,0,0,0,0,0,0,0,0,0,0,0
3633669152576,13.479367,1788965172587111373,,0,0,0,0,0,0,0,0,0,0,0,0,0,0,0,0,0,0,0
3633689193696,13.499408,1788965172607110744,,0,0,0,0,0,0,0,0,0,0,0,0,0,0,0,0,0,0,0
3633709165664,13.51938,1788965172627110945,,0,0,0,0,0,0,0,0,0,0,0,0,0,0,0,0,0,0,0
3633729144736,13.539359,1788965172647111757,,0,0,0,0,0,0,0,0,0,0,0,0,0,0,0,0,0,0,0
3633749148832,13.559363,1788965172667110667,,0,0,0,0,0,0,0,0,0,0,0,0,0,0,0,0,0,0,0
3633769160992,13.579375,1788965172687125854,,0,0,0,0,0,0,0,0,0,0,0,0,0,0,0,0,0,0,0
3633789185600,13.5994,1788965172707110736,,0,0,0,0,0,0,0,0,0,0,0,0,0,0,0,0,0,0,0
3633809128512,13.619343,1788965172727111243,,0,0,0,0,0,0,0,0,0,0,0,0,0,0,0,0,0,0,0
3633829116768,13.639331,1788965172747110553,,0,0,0,0,0,0,0,0,0,0,0,0,0,0,0,0,0,0,0
3633849119040,13.659333,1788965172767110922,,0,0,0,0,0,0,0,0,0,0,0,0,0,0,0,0,0,0,0
3633869138336,13.679352,1788965172787110779,,0,0,0,0,0,0,0,0,0,0,0,0,0,0,0,0,0,0,0
3633889086848,13.699301,1788965172807110747,,0,0,0,0,0,0,0,0,0,0,0,0,0,0,0,0,0,0,0
3633909142912,13.719357,1788965172827110415,,0,0,0,0,0,0,0,0,0,0,0,0,0,0,0,0,0,0,0
3633929119072,13.739333,1788965172847110620,,0,0,0,0,0,0,0,0,0,0,0,0,0,0,0,0,0,0,0
3633949016608,13.759231,1788965172867111069,,0,0,0,0,0,0,0,0,0,0,0,0,0,0,0,0,0,0,0
3633969124544,13.779339,1788965172887110924,,0,0,0,0,0,0,0,0,0,0,0,0,0,0,0,0,0,0,0
3633989123424,13.799338,1788965172907110935,,0,0,0,0,0,0,0,0,0,0,0,0,0,0,0,0,0,0,0
3634009136640,13.819351,1788965172927111119,,0,0,0,0,0,0,0,0,0,0,0,0,0,0,0,0,0,0,0
3634029122240,13.839336,1788965172947111353,,0,0,0,0,0,0,0,0,0,0,0,0,0,0,0,0,0,0,0
3634049102816,13.859317,1788965172967110981,,0,0,0,0,0,0,0,0,0,0,0,0,0,0,0,0,0,0,0
3634069120224,13.879334,1788965172987110392,,0,0,0,0,0,0,0,0,0,0,0,0,0,0,0,0,0,0,0
3634089093824,13.899308,1788965173007111186,,0,0,0,0,0,0,0,0,0,0,0,0,0,0,0,0,0,0,0
3634109093440,13.919308,1788965173027110608,,0,0,0,0,0,0,0,0,0,0,0,0,0,0,0,0,0,0,0
3634129133824,13.939348,1788965173047111541,,0,0,0,0,0,0,0,0,0,0,0,0,0,0,0,0,0,0,0
3634148981024,13.959195,1788965173067110400,,0,0,0,0,0,0,0,0,0,0,0,0,0,0,0,0,0,0,0
3634169088128,13.979302,1788965173087110805,,0,0,0,0,0,0,0,0,0,0,0,0,0,0,0,0,0,0,0
3634189123840,13.999338,1788965173107110471,,0,0,0,0,0,0,0,0,0,0,0,0,0,0,0,0,0,0,0
3634209102304,14.019316,1788965173127110272,,0,0,0,0,0,0,0,0,0,0,0,0,0,0,0,0,0,0,0
3634229092992,14.039307,1788965173147110857,,0,0,0,0,0,0,0,0,0,0,0,0,0,0,0,0,0,0,0
3634249100096,14.059314,1788965173167117556,,0,0,0,0,0,0,0,0,0,0,0,0,0,0,0,0,0,0,0
3634269090688,14.079305,1788965173187113628,,0,0,0,0,0,0,0,0,0,0,0,0,0,0,0,0,0,0,0
3634289080896,14.099295,1788965173207113648,,0,0,0,0,0,0,0,0,0,0,0,0,0,0,0,0,0,0,0
3634309102784,14.119317,1788965173227111302,,0,0,0,0,0,0,0,0,0,0,0,0,0,0,0,0,0,0,0
3634329229184,14.139443,1788965173247111274,,0,0,0,0,0,0,0,0,0,0,0,0,0,0,0,0,0,0,0
3634349150240,14.159364,1788965173267111095,,0,0,0,0,0,0,0,0,0,0,0,0,0,0,0,0,0,0,0
3634369136800,14.179351,1788965173287111098,,0,0,0,0,0,0,0,0,0,0,0,0,0,0,0,0,0,0,0
3634389099136,14.199313,1788965173307111004,,0,0,0,0,0,0,0,0,0,0,0,0,0,0,0,0,0,0,0
3634409078464,14.219293,1788965173327110747,,0,0,0,0,0,0,0,0,0,0,0,0,0,0,0,0,0,0,0
3634429095456,14.23931,1788965173347110273,,0,0,0,0,0,0,0,0,0,0,0,0,0,0,0,0,0,0,0
3634449099264,14.259313,1788965173367110870,,0,0,0,0,0,0,0,0,0,0,0,0,0,0,0,0,0,0,0
3634469101376,14.279315,1788965173387110636,,0,0,0,0,0,0,0,0,0,0,0,0,0,0,0,0,0,0,0
3634489075808,14.29929,1788965173407110799,,0,0,0,0,0,0,0,0,0,0,0,0,0,0,0,0,0,0,0
3634509080352,14.319294,1788965173427110929,,0,0,0,0,0,0,0,0,0,0,0,0,0,0,0,0,0,0,0
3634529125792,14.33934,1788965173447110536,,0,0,0,0,0,0,0,0,0,0,0,0,0,0,0,0,0,0,0
3634548971104,14.359185,1788965173467110846,,0,0,0,0,0,0,0,0,0,0,0,0,0,0,0,0,0,0,0
3634569082368,14.379296,1788965173487110881,,0,0,0,0,0,0,0,0,0,0,0,0,0,0,0,0,0,0,0
3634589082368,14.399296,1788965173507110832,,0,0,0,0,0,0,0,0,0,0,0,0,0,0,0,0,0,0,0
3634609093312,14.419307,1788965173527110970,,0,0,0,0,0,0,0,0,0,0,0,0,0,0,0,0,0,0,0
3634629082208,14.439296,1788965173547110443,,0,0,0,0,0,0,0,0,0,0,0,0,0,0,0,0,0,0,0
3634649087648,14.459302,1788965173567111031,,0,0,0,0,0,0,0,0,0,0,0,0,0,0,0,0,0,0,0
3634669080288,14.479294,1788965173587110711,,0,0,0,0,0,0,0,0,0,0,0,0,0,0,0,0,0,0,0
3634689070880,14.499285,1788965173607110842,,0,0,0,0,0,0,0,0,0,0,0,0,0,0,0,0,0,0,0
3634709101408,14.519316,1788965173627110658,,0,0,0,0,0,0,0,0,0,0,0,0,0,0,0,0,0,0,0
3634729077856,14.539292,1788965173647111696,,0,0,0,0,0,0,0,0,0,0,0,0,0,0,0,0,0,0,0
3634748953568,14.559168,1788965173667110931,,0,0,0,0,0,0,0,0,0,0,0,0,0,0,0,0,0,0,0
3634769092416,14.579307,1788965173687111609,,0,0,0,0,0,0,0,0,0,0,0,0,0,0,0,0,0,0,0
3634789097760,14.599312,1788965173707110610,,0,0,0,0,0,0,0,0,0,0,0,0,0,0,0,0,0,0,0
3634809056544,14.619271,1788965173727110628,,0,0,0,0,0,0,0,0,0,0,0,0,0,0,0,0,0,0,0
3634829080160,14.639294,1788965173747110484,,0,0,0,0,0,0,0,0,0,0,0,0,0,0,0,0,0,0,0
3634849078592,14.659293,1788965173767110667,,0,0,0,0,0,0,0,0,0,0,0,0,0,0,0,0,0,0,0
3634869050432,14.679265,1788965173787110640,,0,0,0,0,0,0,0,0,0,0,0,0,0,0,0,0,0,0,0
3634889070208,14.699284,1788965173807110622,,0,0,0,0,0,0,0,0,0,0,0,0,0,0,0,0,0,0,0
3634909064000,14.719278,1788965173827110712,,0,0,0,0,0,0,0,0,0,0,0,0,0,0,0,0,0,0,0
3634929056096,14.73927,1788965173847110587,,0,0,0,0,0,0,0,0,0,0,0,0,0,0,0,0,0,0,0
3634948987136,14.759201,1788965173867111209,,0,0,0,0,0,0,0,0,0,0,0,0,0,0,0,0,0,0,0
3634969060288,14.779274,1788965173887110682,,0,0,0,0,0,0,0,0,0,0,0,0,0,0,0,0,0,0,0
3634989087680,14.799302,1788965173907110805,,0,0,0,0,0,0,0,0,0,0,0,0,0,0,0,0,0,0,0
3635009068832,14.819283,1788965173927111428,,0,0,0,0,0,0,0,0,0,0,0,0,0,0,0,0,0,0,0
3635029057952,14.839272,1788965173947110425,,0,0,0,0,0,0,0,0,0,0,0,0,0,0,0,0,0,0,0
3635049074656,14.859289,1788965173967110430,,0,0,0,0,0,0,0,0,0,0,0,0,0,0,0,0,0,0,0
3635069062432,14.879277,1788965173987111231,,0,0,0,0,0,0,0,0,0,0,0,0,0,0,0,0,0,0,0
3635089040960,14.899255,1788965174007110927,,0,0,0,0,0,0,0,0,0,0,0,0,0,0,0,0,0,0,0
3635109089056,14.919303,1788965174027110969,,0,0,0,0,0,0,0,0,0,0,0,0,0,0,0,0,0,0,0
3635129090784,14.939305,1788965174047110791,,0,0,0,0,0,0,0,0,0,0,0,0,0,0,0,0,0,0,0
3635148979168,14.959193,1788965174067110712,,0,0,0,0,0,0,0,0,0,0,0,0,0,0,0,0,0,0,0
3635169064416,14.979279,1788965174087110678,,0,0,0,0,0,0,0,0,0,0,0,0,0,0,0,0,0,0,0
3635189081472,14.999296,1788965174107110767,,0,0,0,0,0,0,0,0,0,0,0,0,0,0,0,0,0,0,0
3635209056128,15.01927,1788965174127111133,,0,0,0,0,0,0,0,0,0,0,0,0,0,0,0,0,0,0,0
3635229057760,15.039272,1788965174147111676,,0,0,0,0,0,0,0,0,0,0,0,0,0,0,0,0,0,0,0
3635249040896,15.059255,1788965174167110269,,0,0,0,0,0,0,0,0,0,0,0,0,0,0,0,0,0,0,0
3635269025216,15.079239,1788965174187110927,,0,0,0,0,0,0,0,0,0,0,0,0,0,0,0,0,0,0,0
3635289042880,15.099257,1788965174207110758,,0,0,0,0,0,0,0,0,0,0,0,0,0,0,0,0,0,0,0
3635309047008,15.119261,1788965174227110662,,0,0,0,0,0,0,0,0,0,0,0,0,0,0,0,0,0,0,0
3635329071488,15.139286,1788965174247116065,,0,0,0,0,0,0,0,0,0,0,0,0,0,0,0,0,0,0,0
3635348924704,15.159139,1788965174267113812,,0,0,0,0,0,0,0,0,0,0,0,0,0,0,0,0,0,0,0
3635369047648,15.179262,1788965174287113057,,0,0,0,0,0,0,0,0,0,0,0,0,0,0,0,0,0,0,0
3635389044352,15.199258,1788965174307111426,,0,0,0,0,0,0,0,0,0,0,0,0,0,0,0,0,0,0,0
3635409050752,15.219265,1788965174327111372,,0,0,0,0,0,0,0,0,0,0,0,0,0,0,0,0,0,0,0
3635429033920,15.239248,1788965174347111409,,0,0,0,0,0,0,0,0,0,0,0,0,0,0,0,0,0,0,0
3635449052928,15.259267,1788965174367110442,,0,0,0,0,0,0,0,0,0,0,0,0,0,0,0,0,0,0,0
3635469036096,15.27925,1788965174387110688,,0,0,0,0,0,0,0,0,0,0,0,0,0,0,0,0,0,0,0
3635489042112,15.299256,1788965174407110800,,0,0,0,0,0,0,0,0,0,0,0,0,0,0,0,0,0,0,0
3635509083712,15.319298,1788965174427114591,,0,0,0,0,0,0,0,0,0,0,0,0,0,0,0,0,0,0,0
3635529046144,15.33926,1788965174447111124,,0,0,0,0,0,0,0,0,0,0,0,0,0,0,0,0,0,0,0
3635548916160,15.35913,1788965174467111016,,0,0,0,0,0,0,0,0,0,0,0,0,0,0,0,0,0,0,0
3635569039136,15.379253,1788965174487110740,,0,0,0,0,0,0,0,0,0,0,0,0,0,0,0,0,0,0,0
3635589062720,15.399277,1788965174507111369,,0,0,0,0,0,0,0,0,0,0,0,0,0,0,0,0,0,0,0
3635609035392,15.41925,1788965174527110564,,0,0,0,0,0,0,0,0,0,0,0,0,0,0,0,0,0,0,0
3635629054688,15.439269,1788965174547110939,,0,0,0,0,0,0,0,0,0,0,0,0,0,0,0,0,0,0,0
3635649025568,15.45924,1788965174567111134,,0,0,0,0,0,0,0,0,0,0,0,0,0,0,0,0,0,0,0
3635669029504,15.479244,1788965174587111023,,0,0,0,0,0,0,0,0,0,0,0,0,0,0,0,0,0,0,0
3635689036256,15.49925,1788965174607111621,,0,0,0,0,0,0,0,0,0,0,0,0,0,0,0,0,0,0,0
3635709062240,15.519276,1788965174627110518,,0,0,0,0,0,0,0,0,0,0,0,0,0,0,0,0,0,0,0
3635729008192,15.539222,1788965174647111813,,0,0,0,0,0,0,0,0,0,0,0,0,0,0,0,0,0,0,0
3635748903904,15.559118,1788965174667111296,,0,0,0,0,0,0,0,0,0,0,0,0,0,0,0,0,0,0,0
3635769006368,15.57922,1788965174687110513,,0,0,0,0,0,0,0,0,0,0,0,0,0,0,0,0,0,0,0
3635789045440,15.59926,1788965174707110693,,0,0,0,0,0,0,0,0,0,0,0,0,0,0,0,0,0,0,0
3635809014400,15.619229,1788965174727110972,,0,0,0,0,0,0,0,0,0,0,0,0,0,0,0,0,0,0,0
3635829008128,15.639222,1788965174747110976,,0,0,0,0,0,0,0,0,0,0,0,0,0,0,0,0,0,0,0
3635848992448,15.659207,1788965174767110730,,0,0,0,0,0,0,0,0,0,0,0,0,0,0,0,0,0,0,0
3635869018720,15.679233,1788965174787110911,,0,0,0,0,0,0,0,0,0,0,0,0,0,0,0,0,0,0,0
3635888989632,15.699204,1788965174807110668,,0,0,0,0,0,0,0,0,0,0,0,0,0,0,0,0,0,0,0
3635909020416,15.719235,1788965174827110986,,0,0,0,0,0,0,0,0,0,0,0,0,0,0,0,0,0,0,0
3635929029440,15.739244,1788965174847110811,,0,0,0,0,0,0,0,0,0,0,0,0,0,0,0,0,0,0,0
3635948890912,15.759105,1788965174867110702,,0,0,0,0,0,0,0,0,0,0,0,0,0,0,0,0,0,0,0
3635969003776,15.779218,1788965174887124375,,0,0,0,0,0,0,0,0,0,0,0,0,0,0,0,0,0,0,0
3635989000608,15.799215,1788965174907111096,,0,0,0,0,0,0,0,0,0,0,0,0,0,0,0,0,0,0,0
3636008997952,15.819212,1788965174927111073,,0,0,0,0,0,0,0,0,0,0,0,0,0,0,0,0,0,0,0
3636029071040,15.839285,1788965174947111090,,0,0,0,0,0,0,0,0,0,0,0,0,0,0,0,0,0,0,0
3636048998048,15.859212,1788965174967110891,,0,0,0,0,0,0,0,0,0,0,0,0,0,0,0,0,0,0,0
3636068993888,15.879208,1788965174987110439,,0,0,0,0,0,0,0,0,0,0,0,0,0,0,0,0,0,0,0
3636089008832,15.899223,1788965175007110562,,0,0,0,0,0,0,0,0,0,0,0,0,0,0,0,0,0,0,0
3636109002304,15.919216,1788965175027110404,,0,0,0,0,0,0,0,0,0,0,0,0,0,0,0,0,0,0,0
3636129035808,15.93925,1788965175047125095,,0,0,0,0,0,0,0,0,0,0,0,0,0,0,0,0,0,0,0
3636148889088,15.959103,1788965175067110665,,0,0,0,0,0,0,0,0,0,0,0,0,0,0,0,0,0,0,0
3636168995232,15.979209,1788965175087110898,,0,0,0,0,0,0,0,0,0,0,0,0,0,0,0,0,0,0,0
3636189063424,15.999278,1788965175107111180,,0,0,0,0,0,0,0,0,0,0,0,0,0,0,0,0,0,0,0
3636209016224,16.01923,1788965175127111166,,0,0,0,0,0,0,0,0,0,0,0,0,0,0,0,0,0,0,0
3636229091840,16.039306,1788965175147111845,,0,0,0,0,0,0,0,0,0,0,0,0,0,0,0,0,0,0,0
3636248994272,16.059208,1788965175167111532,,0,0,0,0,0,0,0,0,0,0,0,0,0,0,0,0,0,0,0
3636269002816,16.079217,1788965175187111016,,0,0,0,0,0,0,0,0,0,0,0,0,0,0,0,0,0,0,0
3636288990560,16.099205,1788965175207110983,,0,0,0,0,0,0,0,0,0,0,0,0,0,0,0,0,0,0,0
3636308978592,16.119193,1788965175227110595,,0,0,0,0,0,0,0,0,0,0,0,0,0,0,0,0,0,0,0
3636329014336,16.139228,1788965175247110313,,0,0,0,0,0,0,0,0,0,0,0,0,0,0,0,0,0,0,0
3636348884480,16.159099,1788965175267110451,,0,0,0,0,0,0,0,0,0,0,0,0,0,0,0,0,0,0,0
3636369034688,16.179249,1788965175287110766,,0,0,0,0,0,0,0,0,0,0,0,0,0,0,0,0,0,0,0
3636389012160,16.199226,1788965175307110358,,0,0,0,0,0,0,0,0,0,0,0,0,0,0,0,0,0,0,0
3636409018176,16.219232,1788965175327111147,,0,0,0,0,0,0,0,0,0,0,0,0,0,0,0,0,0,0,0
3636429014432,16.239229,1788965175347113616,,0,0,0,0,0,0,0,0,0,0,0,0,0,0,0,0,0,0,0
3636449007840,16.259222,1788965175367110929,,0,0,0,0,0,0,0,0,0,0,0,0,0,0,0,0,0,0,0
3636468971584,16.279186,1788965175387111285,,0,0,0,0,0,0,0,0,0,0,0,0,0,0,0,0,0,0,0
3636488999712,16.299214,1788965175407111166,,0,0,0,0,0,0,0,0,0,0,0,0,0,0,0,0,0,0,0
3636509007616,16.319222,1788965175427110726,,0,0,0,0,0,0,0,0,0,0,0,0,0,0,0,0,0,0,0
3636528995808,16.33921,1788965175447110912,,0,0,0,0,0,0,0,0,0,0,0,0,0,0,0,0,0,0,0
3636548872032,16.359086,1788965175467110565,,0,0,0,0,0,0,0,0,0,0,0,0,0,0,0,0,0,0,0
3636568981536,16.379196,1788965175487110767,,0,0,0,0,0,0,0,0,0,0,0,0,0,0,0,0,0,0,0
3636589000480,16.399215,1788965175507110599,,0,0,0,0,0,0,0,0,0,0,0,0,0,0,0,0,0,0,0
3636608989952,16.419204,1788965175527111096,,0,0,0,0,0,0,0,0,0,0,0,0,0,0,0,0,0,0,0
3636628984480,16.439199,1788965175547111204,,0,0,0,0,0,0,0,0,0,0,0,0,0,0,0,0,0,0,0
3636648959712,16.459174,1788965175567110783,,0,0,0,0,0,0,0,0,0,0,0,0,0,0,0,0,0,0,0
3636668982528,16.479197,1788965175587110823,,0,0,0,0,0,0,0,0,0,0,0,0,0,0,0,0,0,0,0
3636688967104,16.499181,1788965175607110864,,0,0,0,0,0,0,0,0,0,0,0,0,0,0,0,0,0,0,0
3636709057408,16.519272,1788965175627110881,,0,0,0,0,0,0,0,0,0,0,0,0,0,0,0,0,0,0,0
3636728980000,16.539194,1788965175647111679,,0,0,0,0,0,0,0,0,0,0,0,0,0,0,0,0,0,0,0
3636748852320,16.559066,1788965175667110904,,0,0,0,0,0,0,0,0,0,0,0,0,0,0,0,0,0,0,0
3636768949248,16.579163,1788965175687111072,,0,0,0,0,0,0,0,0,0,0,0,0,0,0,0,0,0,0,0
3636788982304,16.599196,1788965175707111165,,0,0,0,0,0,0,0,0,0,0,0,0,0,0,0,0,0,0,0
3636808963232,16.619177,1788965175727110912,,0,0,0,0,0,0,0,0,0,0,0,0,0,0,0,0,0,0,0
3636828948832,16.639163,1788965175747110775,,0,0,0,0,0,0,0,0,0,0,0,0,0,0,0,0,0,0,0
3636848960832,16.659175,1788965175767111250,,0,0,0,0,0,0,0,0,0,0,0,0,0,0,0,0,0,0,0
3636868979072,16.679193,1788965175787110789,,0,0,0,0,0,0,0,0,0,0,0,0,0,0,0,0,0,0,0
3636888939648,16.699154,1788965175807110894,,0,0,0,0,0,0,0,0,0,0,0,0,0,0,0,0,0,0,0
3636908984192,16.719198,1788965175827110887,,0,0,0,0,0,0,0,0,0,0,0,0,0,0,0,0,0,0,0
3636928956224,16.73917,1788965175847110664,,0,0,0,0,0,0,0,0,0,0,0,0,0,0,0,0,0,0,0
3636948840544,16.759055,1788965175867110584,,0,0,0,0,0,0,0,0,0,0,0,0,0,0,0,0,0,0,0
3636968970208,16.779184,1788965175887110997,,0,0,0,0,0,0,0,0,0,0,0,0,0,0,0,0,0,0,0
3636988950496,16.799165,1788965175907110894,,0,0,0,0,0,0,0,0,0,0,0,0,0,0,0,0,0,0,0
3637009000064,16.819214,1788965175927110674,,0,0,0,0,0,0,0,0,0,0,0,0,0,0,0,0,0,0,0
3637028978880,16.839193,1788965175947112257,,0,0,0,0,0,0,0,0,0,0,0,0,0,0,0,0,0,0,0
3637048937696,16.859152,1788965175967110654,,0,0,0,0,0,0,0,0,0,0,0,0,0,0,0,0,0,0,0
3637068957920,16.879172,1788965175987110782,,0,0,0,0,0,0,0,0,0,0,0,0,0,0,0,0,0,0,0
3637088943200,16.899157,1788965176007110942,,0,0,0,0,0,0,0,0,0,0,0,0,0,0,0,0,0,0,0
3637108943936,16.919158,1788965176027110999,,0,0,0,0,0,0,0,0,0,0,0,0,0,0,0,0,0,0,0
3637129052256,16.939266,1788965176047110985,,0,0,0,0,0,0,0,0,0,0,0,0,0,0,0,0,0,0,0
3637148839520,16.959054,1788965176067110836,,0,0,0,0,0,0,0,0,0,0,0,0,0,0,0,0,0,0,0
3637168938336,16.979152,1788965176087110889,,0,0,0,0,0,0,0,0,0,0,0,0,0,0,0,0,0,0,0
3637188963776,16.999178,1788965176107110894,,0,0,0,0,0,0,0,0,0,0,0,0,0,0,0,0,0,0,0
3637208945792,17.01916,1788965176127111182,,0,0,0,0,0,0,0,0,0,0,0,0,0,0,0,0,0,0,0
3637228935232,17.039149,1788965176147112071,,0,0,0,0,0,0,0,0,0,0,0,0,0,0,0,0,0,0,0
3637248959872,17.059174,1788965176167110879,,0,0,0,0,0,0,0,0,0,0,0,0,0,0,0,0,0,0,0
3637268942304,17.079156,1788965176187111322,,0,0,0,0,0,0,0,0,0,0,0,0,0,0,0,0,0,0,0
3637288960832,17.099175,1788965176207111180,,0,0,0,0,0,0,0,0,0,0,0,0,0,0,0,0,0,0,0
3637308956672,17.119171,1788965176227111044,,0,0,0,0,0,0,0,0,0,0,0,0,0,0,0,0,0,0,0
3637328941248,17.139155,1788965176247110750,,0,0,0,0,0,0,0,0,0,0,0,0,0,0,0,0,0,0,0
3637348938464,17.159153,1788965176267110941,,0,0,0,0,0,0,0,0,0,0,0,0,0,0,0,0,0,0,0
3637368940992,17.179155,1788965176287110387,,0,0,0,0,0,0,0,0,0,0,0,0,0,0,0,0,0,0,0
3637388945696,17.19916,1788965176307110628,,0,0,0,0,0,0,0,0,0,0,0,0,0,0,0,0,0,0,0
3637408954272,17.219168,1788965176327110791,,0,0,0,0,0,0,0,0,0,0,0,0,0,0,0,0,0,0,0
3637428956768,17.239171,1788965176347110665,,0,0,0,0,0,0,0,0,0,0,0,0,0,0,0,0,0,0,0
3637448931648,17.259146,1788965176367110726,,0,0,0,0,0,0,0,0,0,0,0,0,0,0,0,0,0,0,0
3637468953024,17.279167,1788965176387110489,,0,0,0,0,0,0,0,0,0,0,0,0,0,0,0,0,0,0,0
3637488939200,17.299153,1788965176407120417,,0,0,0,0,0,0,0,0,0,0,0,0,0,0,0,0,0,0,0
3637508911040,17.319125,1788965176427110585,,0,0,0,0,0,0,0,0,0,0,0,0,0,0,0,0,0,0,0
3637528962528,17.339177,1788965176447113613,,0,0,0,0,0,0,0,0,0,0,0,0,0,0,0,0,0,0,0
3637548865728,17.35908,1788965176467110764,,0,0,0,0,0,0,0,0,0,0,0,0,0,0,0,0,0,0,0
3637568935968,17.37915,1788965176487111120,,0,0,0,0,0,0,0,0,0,0,0,0,0,0,0,0,0,0,0
3637588950272,17.399164,1788965176507110683,,0,0,0,0,0,0,0,0,0,0,0,0,0,0,0,0,0,0,0
3637608947936,17.419162,1788965176527110943,,0,0,0,0,0,0,0,0,0,0,0,0,0,0,0,0,0,0,0
3637628946848,17.439161,1788965176547111056,,0,0,0,0,0,0,0,0,0,0,0,0,0,0,0,0,0,0,0
3637648942432,17.459157,1788965176567111112,,0,0,0,0,0,0,0,0,0,0,0,0,0,0,0,0,0,0,0
3637668942112,17.479156,1788965176587111160,,0,0,0,0,0,0,0,0,0,0,0,0,0,0,0,0,0,0,0
3637688918048,17.499132,1788965176607110861,,0,0,0,0,0,0,0,0,0,0,0,0,0,0,0,0,0,0,0
3637708953568,17.519168,1788965176627110475,,0,0,0,0,0,0,0,0,0,0,0,0,0,0,0,0,0,0,0
3637728988448,17.539203,1788965176647125822,,0,0,0,0,0,0,0,0,0,0,0,0,0,0,0,0,0,0,0
3637748823264,17.559037,1788965176667111359,,0,0,0,0,0,0,0,0,0,0,0,0,0,0,0,0,0,0,0
3637768922080,17.579136,1788965176687111072,,0,0,0,0,0,0,0,0,0,0,0,0,0,0,0,0,0,0,0
3637788933088,17.599147,1788965176707111154,,0,0,0,0,0,0,0,0,0,0,0,0,0,0,0,0,0,0,0
3637808897440,17.619112,1788965176727111370,,0,0,0,0,0,0,0,0,0,0,0,0,0,0,0,0,0,0,0
3637828926144,17.63914,1788965176747110933,,0,0,0,0,0,0,0,0,0,0,0,0,0,0,0,0,0,0,0
3637848914560,17.659129,1788965176767111068,,0,0,0,0,0,0,0,0,0,0,0,0,0,0,0,0,0,0,0
3637868932864,17.679147,1788965176787111085,,0,0,0,0,0,0,0,0,0,0,0,0,0,0,0,0,0,0,0
3637888915648,17.69913,1788965176807111139,,0,0,0,0,0,0,0,0,0,0,0,0,0,0,0,0,0,0,0
3637908905984,17.71912,1788965176827110930,,0,0,0,0,0,0,0,0,0,0,0,0,0,0,0,0,0,0,0
3637928920064,17.739134,1788965176847110577,,0,0,0,0,0,0,0,0,0,0,0,0,0,0,0,0,0,0,0
3637948798080,17.759012,1788965176867110778,,0,0,0,0,0,0,0,0,0,0,0,0,0,0,0,0,0,0,0
3637968897152,17.779111,1788965176887111188,,0,0,0,0,0,0,0,0,0,0,0,0,0,0,0,0,0,0,0
3637988914720,17.799129,1788965176907110950,,0,0,0,0,0,0,0,0,0,0,0,0,0,0,0,0,0,0,0
3638008902656,17.819117,1788965176927111131,,0,0,0,0,0,0,0,0,0,0,0,0,0,0,0,0,0,0,0
3638028889696,17.839104,1788965176947111002,,0,0,0,0,0,0,0,0,0,0,0,0,0,0,0,0,0,0,0
3638048932096,17.859146,1788965176967111002,,0,0,0,0,0,0,0,0,0,0,0,0,0,0,0,0,0,0,0
3638068902528,17.879117,1788965176987110561,,0,0,0,0,0,0,0,0,0,0,0,0,0,0,0,0,0,0,0
3638088887712,17.899102,1788965177007110821,,0,0,0,0,0,0,0,0,0,0,0,0,0,0,0,0,0,0,0
3638108908608,17.919123,1788965177027110912,,0,0,0,0,0,0,0,0,0,0,0,0,0,0,0,0,0,0,0
3638128918752,17.939133,1788965177047110671,,0,0,0,0,0,0,0,0,0,0,0,0,0,0,0,0,0,0,0
3638148790368,17.959004,1788965177067110894,,0,0,0,0,0,0,0,0,0,0,0,0,0,0,0,0,0,0,0
3638168911392,17.979126,1788965177087110892,,0,0,0,0,0,0,0,0,0,0,0,0,0,0,0,0,0,0,0
3638188908192,17.999122,1788965177107111017,,0,0,0,0,0,0,0,0,0,0,0,0,0,0,0,0,0,0,0
3638208884832,18.019099,1788965177127111264,,0,0,0,0,0,0,0,0,0,0,0,0,0,0,0,0,0,0,0
3638228896640,18.039111,1788965177147111232,,0,0,0,0,0,0,0,0,0,0,0,0,0,0,0,0,0,0,0
3638248886688,18.059101,1788965177167114307,,0,0,0,0,0,0,0,0,0,0,0,0,0,0,0,0,0,0,0
3638268865728,18.07908,1788965177187110933,,0,0,0,0,0,0,0,0,0,0,0,0,0,0,0,0,0,0,0
3638288884896,18.099099,1788965177207110724,,0,0,0,0,0,0,0,0,0,0,0,0,0,0,0,0,0,0,0
3638308890048,18.119104,1788965177227111245,,0,0,0,0,0,0,0,0,0,0,0,0,0,0,0,0,0,0,0
3638328877504,18.139092,1788965177247111144,,0,0,0,0,0,0,0,0,0,0,0,0,0,0,0,0,0,0,0
3638348778080,18.158992,1788965177267110820,,0,0,0,0,0,0,0,0,0,0,0,0,0,0,0,0,0,0,0
3638368891424,18.179106,1788965177287110898,,0,0,0,0,0,0,0,0,0,0,0,0,0,0,0,0,0,0,0
3638388887872,18.199102,1788965177307111506,,0,0,0,0,0,0,0,0,0,0,0,0,0,0,0,0,0,0,0
3638408873184,18.219087,1788965177327111515,,0,0,0,0,0,0,0,0,0,0,0,0,0,0,0,0,0,0,0
3638428862304,18.239076,1788965177347111020,,0,0,0,0,0,0,0,0,0,0,0,0,0,0,0,0,0,0,0
3638448906592,18.259121,1788965177367111173,,0,0,0,0,0,0,0,0,0,0,0,0,0,0,0,0,0,0,0
3638468876320,18.27909,1788965177387111087,,0,0,0,0,0,0,0,0,0,0,0,0,0,0,0,0,0,0,0
3638488866368,18.29908,1788965177407110904,,0,0,0,0,0,0,0,0,0,0,0,0,0,0,0,0,0,0,0
3638508879808,18.319094,1788965177427110920,,0,0,0,0,0,0,0,0,0,0,0,0,0,0,0,0,0,0,0
3638528876032,18.33909,1788965177447111070,,0,0,0,0,0,0,0,0,0,0,0,0,0,0,0,0,0,0,0
3638548778080,18.358992,1788965177467110624,,0,0,0,0,0,0,0,0,0,0,0,0,0,0,0,0,0,0,0
3638568890080,18.379104,1788965177487110971,,0,0,0,0,0,0,0,0,0,0,0,0,0,0,0,0,0,0,0
3638588903616,18.399118,1788965177507110642,,0,0,0,0,0,0,0,0,0,0,0,0,0,0,0,0,0,0,0
3638608891808,18.419106,1788965177527123396,,0,0,0,0,0,0,0,0,0,0,0,0,0,0,0,0,0,0,0
3638628890176,18.439104,1788965177547110916,,0,0,0,0,0,0,0,0,0,0,0,0,0,0,0,0,0,0,0
3638648871744,18.459086,1788965177567110865,,0,0,0,0,0,0,0,0,0,0,0,0,0,0,0,0,0,0,0
3638668862240,18.479076,1788965177587111074,,0,0,0,0,0,0,0,0,0,0,0,0,0,0,0,0,0,0,0
3638688925792,18.49914,1788965177607111379,,0,0,0,0,0,0,0,0,0,0,0,0,0,0,0,0,0,0,0
3638708876512,18.519091,1788965177627111191,,0,0,0,0,0,0,0,0,0,0,0,0,0,0,0,0,0,0,0
3638728874912,18.539089,1788965177647111759,,0,0,0,0,0,0,0,0,0,0,0,0,0,0,0,0,0,0,0
3638748811552,18.559026,1788965177667111423,,0,0,0,0,0,0,0,0,0,0,0,0,0,0,0,0,0,0,0
3638768863264,18.579077,1788965177687110680,,0,0,0,0,0,0,0,0,0,0,0,0,0,0,0,0,0,0,0
3638788867968,18.599082,1788965177707110760,,0,0,0,0,0,0,0,0,0,0,0,0,0,0,0,0,0,0,0
3638808875264,18.619089,1788965177727111011,,0,0,0,0,0,0,0,0,0,0,0,0,0,0,0,0,0,0,0
3638828864480,18.639079,1788965177747110785,,0,0,0,0,0,0,0,0,0,0,0,0,0,0,0,0,0,0,0
3638848885184,18.659099,1788965177767111042,,0,0,0,0,0,0,0,0,0,0,0,0,0,0,0,0,0,0,0
3638868861184,18.679075,1788965177787110619,,0,0,0,0,0,0,0,0,0,0,0,0,0,0,0,0,0,0,0
3638888844832,18.699059,1788965177807110628,,0,0,0,0,0,0,0,0,0,0,0,0,0,0,0,0,0,0,0
3638908873248,18.719087,1788965177827111984,,0,0,0,0,0,0,0,0,0,0,0,0,0,0,0,0,0,0,0
3638928872224,18.739086,1788965177847111304,,0,0,0,0,0,0,0,0,0,0,0,0,0,0,0,0,0,0,0
3638948745280,18.758959,1788965177867111088,,0,0,0,0,0,0,0,0,0,0,0,0,0,0,0,0,0,0,0
3638968860416,18.779075,1788965177887110997,,0,0,0,0,0,0,0,0,0,0,0,0,0,0,0,0,0,0,0
3638988854624,18.799069,1788965177907110986,,0,0,0,0,0,0,0,0,0,0,0,0,0,0,0,0,0,0,0
3639008835264,18.819049,1788965177927110893,,0,0,0,0,0,0,0,0,0,0,0,0,0,0,0,0,0,0,0
3639028852608,18.839067,1788965177947110993,,0,0,0,0,0,0,0,0,0,0,0,0,0,0,0,0,0,0,0
3639048846784,18.859061,1788965177967110685,,0,0,0,0,0,0,0,0,0,0,0,0,0,0,0,0,0,0,0
3639068853888,18.879068,1788965177987110568,,0,0,0,0,0,0,0,0,0,0,0,0,0,0,0,0,0,0,0
3639088858560,18.899073,1788965178007110844,,0,0,0,0,0,0,0,0,0,0,0,0,0,0,0,0,0,0,0
3639108864352,18.919078,1788965178027110734,,0,0,0,0,0,0,0,0,0,0,0,0,0,0,0,0,0,0,0
3639128841248,18.939055,1788965178047111171,,0,0,0,0,0,0,0,0,0,0,0,0,0,0,0,0,0,0,0
3639148732992,18.958947,1788965178067111328,,0,0,0,0,0,0,0,0,0,0,0,0,0,0,0,0,0,0,0
3639168843552,18.979058,1788965178087110976,,0,0,0,0,0,0,0,0,0,0,0,0,0,0,0,0,0,0,0
3639188834400,18.999049,1788965178107110980,,0,0,0,0,0,0,0,0,0,0,0,0,0,0,0,0,0,0,0
3639208858400,19.019073,1788965178127111622,,0,0,0,0,0,0,0,0,0,0,0,0,0,0,0,0,0,0,0
3639228861952,19.039076,1788965178147112590,,0,0,0,0,0,0,0,0,0,0,0,0,0,0,0,0,0,0,0
3639248828832,19.059043,1788965178167111195,,0,0,0,0,0,0,0,0,0,0,0,0,0,0,0,0,0,0,0
3639268869216,19.079083,1788965178187111684,,0,0,0,0,0,0,0,0,0,0,0,0,0,0,0,0,0,0,0
3639288891328,19.099105,1788965178207110867,,0,0,0,0,0,0,0,0,0,0,0,0,0,0,0,0,0,0,0
3639308843520,19.119058,1788965178227111094,,0,0,0,0,0,0,0,0,0,0,0,0,0,0,0,0,0,0,0
3639328871904,19.139086,1788965178247110537,,0,0,0,0,0,0,0,0,0,0,0,0,0,0,0,0,0,0,0
3639348783488,19.158998,1788965178267111139,,0,0,0,0,0,0,0,0,0,0,0,0,0,0,0,0,0,0,0
3639368889248,19.179103,1788965178287111524,,0,0,0,0,0,0,0,0,0,0,0,0,0,0,0,0,0,0,0
3639388842464,19.199057,1788965178307110871,,0,0,0,0,0,0,0,0,0,0,0,0,0,0,0,0,0,0,0
3639408823616,19.219038,1788965178327111138,,0,0,0,0,0,0,0,0,0,0,0,0,0,0,0,0,0,0,0
3639428854368,19.239068,1788965178347110578,,0,0,0,0,0,0,0,0,0,0,0,0,0,0,0,0,0,0,0
3639448833280,19.259047,1788965178367110759,,0,0,0,0,0,0,0,0,0,0,0,0,0,0,0,0,0,0,0
3639468821216,19.279035,1788965178387110905,,0,0,0,0,0,0,0,0,0,0,0,0,0,0,0,0,0,0,0
3639488845600,19.29906,1788965178407111470,,0,0,0,0,0,0,0,0,0,0,0,0,0,0,0,0,0,0,0
3639508835584,19.31905,1788965178427110674,,0,0,0,0,0,0,0,0,0,0,0,0,0,0,0,0,0,0,0
3639528837664,19.339052,1788965178447110545,,0,0,0,0,0,0,0,0,0,0,0,0,0,0,0,0,0,0,0
3639548718240,19.358932,1788965178467110570,,0,0,0,0,0,0,0,0,0,0,0,0,0,0,0,0,0,0,0
3639568828736,19.379043,1788965178487110986,,0,0,0,0,0,0,0,0,0,0,0,0,0,0,0,0,0,0,0
3639588837312,19.399051,1788965178507110850,,0,0,0,0,0,0,0,0,0,0,0,0,0,0,0,0,0,0,0
3639608836768,19.419051,1788965178527111282,,0,0,0,0,0,0,0,0,0,0,0,0,0,0,0,0,0,0,0
3639628829696,19.439044,1788965178547110673,,0,0,0,0,0,0,0,0,0,0,0,0,0,0,0,0,0,0,0
3639648842368,19.459056,1788965178567110718,,0,0,0,0,0,0,0,0,0,0,0,0,0,0,0,0,0,0,0
3639668829856,19.479044,1788965178587111239,,0,0,0,0,0,0,0,0,0,0,0,0,0,0,0,0,0,0,0
3639688810752,19.499025,1788965178607123845,,0,0,0,0,0,0,0,0,0,0,0,0,0,0,0,0,0,0,0
3639708804608,19.519019,1788965178627111183,,0,0,0,0,0,0,0,0,0,0,0,0,0,0,0,0,0,0,0
3639728832416,19.539047,1788965178647112194,,0,0,0,0,0,0,0,0,0,0,0,0,0,0,0,0,0,0,0
3639748748608,19.558963,1788965178667111062,,0,0,0,0,0,0,0,0,0,0,0,0,0,0,0,0,0,0,0
3639768803072,19.579017,1788965178687110678,,0,0,0,0,0,0,0,0,0,0,0,0,0,0,0,0,0,0,0
3639788855776,19.59907,1788965178707110736,,0,0,0,0,0,0,0,0,0,0,0,0,0,0,0,0,0,0,0
3639808814144,19.619028,1788965178727110729,,0,0,0,0,0,0,0,0,0,0,0,0,0,0,0,0,0,0,0
3639828834880,19.639049,1788965178747111040,,0,0,0,0,0,0,0,0,0,0,0,0,0,0,0,0,0,0,0
3639848817568,19.659032,1788965178767111282,,0,0,0,0,0,0,0,0,0,0,0,0,0,0,0,0,0,0,0
3639868807840,19.679022,1788965178787110835,,0,0,0,0,0,0,0,0,0,0,0,0,0,0,0,0,0,0,0
3639888816928,19.699031,1788965178807111115,,0,0,0,0,0,0,0,0,0,0,0,0,0,0,0,0,0,0,0
3639908825984,19.71904,1788965178827111001,,0,0,0,0,0,0,0,0,0,0,0,0,0,0,0,0,0,0,0
3639929051072,19.739265,1788965178847111094,,0,0,0,0,0,0,0,0,0,0,0,0,0,0,0,0,0,0,0
3639948758464,19.758973,1788965178867111336,,0,0,0,0,0,0,0,0,0,0,0,0,0,0,0,0,0,0,0
3639968836288,19.77905,1788965178887111586,,0,0,0,0,0,0,0,0,0,0,0,0,0,0,0,0,0,0,0
3639988891584,19.799106,1788965178907110979,,0,0,0,0,0,0,0,0,0,0,0,0,0,0,0,0,0,0,0
3640008833472,19.819048,1788965178927114580,,0,0,0,0,0,0,0,0,0,0,0,0,0,0,0,0,0,0,0
3640028828320,19.839042,1788965178947110826,,0,0,0,0,0,0,0,0,0,0,0,0,0,0,0,0,0,0,0
3640048815904,19.85903,1788965178967110684,,0,0,0,0,0,0,0,0,0,0,0,0,0,0,0,0,0,0,0
3640068823936,19.879038,1788965178987110759,,0,0,0,0,0,0,0,0,0,0,0,0,0,0,0,0,0,0,0
3640088819328,19.899033,1788965179007111122,,0,0,0,0,0,0,0,0,0,0,0,0,0,0,0,0,0,0,0
3640108806848,19.919021,1788965179027110855,,0,0,0,0,0,0,0,0,0,0,0,0,0,0,0,0,0,0,0
3640128825728,19.93904,1788965179047110947,,0,0,0,0,0,0,0,0,0,0,0,0,0,0,0,0,0,0,0
3640148756704,19.958971,1788965179067110834,,0,0,0,0,0,0,0,0,0,0,0,0,0,0,0,0,0,0,0
3640168795104,19.979009,1788965179087111047,,0,0,0,0,0,0,0,0,0,0,0,0,0,0,0,0,0,0,0
3640188802336,19.999016,1788965179107125276,,0,0,0,0,0,0,0,0,0,0,0,0,0,0,0,0,0,0,0
3640208808800,20.019023,1788965179127111584,,0,0,0,0,0,0,0,0,0,0,0,0,0,0,0,0,0,0,0
3640228786496,20.039001,1788965179147111379,,0,0,0,0,0,0,0,0,0,0,0,0,0,0,0,0,0,0,0
3640248823776,20.059038,1788965179167111250,,0,0,0,0,0,0,0,0,0,0,0,0,0,0,0,0,0,0,0
3640268793568,20.079008,1788965179187111402,,0,0,0,0,0,0,0,0,0,0,0,0,0,0,0,0,0,0,0
3640288849536,20.099064,1788965179207111096,,0,0,0,0,0,0,0,0,0,0,0,0,0,0,0,0,0,0,0
3640308794304,20.119008,1788965179227110831,,0,0,0,0,0,0,0,0,0,0,0,0,0,0,0,0,0,0,0
3640328793888,20.139008,1788965179247111304,,0,0,0,0,0,0,0,0,0,0,0,0,0,0,0,0,0,0,0
3640348840928,20.159055,1788965179267110713,,0,0,0,0,0,0,0,0,0,0,0,0,0,0,0,0,0,0,0
3640368801312,20.179015,1788965179287111144,,0,0,0,0,0,0,0,0,0,0,0,0,0,0,0,0,0,0,0
3640388786016,20.199,1788965179307110794,,0,0,0,0,0,0,0,0,0,0,0,0,0,0,0,0,0,0,0
3640408801056,20.219015,1788965179327110676,,0,0,0,0,0,0,0,0,0,0,0,0,0,0,0,0,0,0,0
3640428798368,20.239012,1788965179347110600,,0,0,0,0,0,0,0,0,0,0,0,0,0,0,0,0,0,0,0
3640448791840,20.259006,1788965179367110907,,0,0,0,0,0,0,0,0,0,0,0,0,0,0,0,0,0,0,0
3640468807648,20.279022,1788965179387111086,,0,0,0,0,0,0,0,0,0,0,0,0,0,0,0,0,0,0,0
3640488792320,20.299006,1788965179407110987,,0,0,0,0,0,0,0,0,0,0,0,0,0,0,0,0,0,0,0
3640508769536,20.318984,1788965179427111309,,0,0,0,0,0,0,0,0,0,0,0,0,0,0,0,0,0,0,0
3640528800352,20.339014,1788965179447110955,,0,0,0,0,0,0,0,0,0,0,0,0,0,0,0,0,0,0,0
3640548689760,20.358904,1788965179467110923,,0,0,0,0,0,0,0,0,0,0,0,0,0,0,0,0,0,0,0
3640568795936,20.37901,1788965179487110977,,0,0,0,0,0,0,0,0,0,0,0,0,0,0,0,0,0,0,0
3640588792928,20.399007,1788965179507110999,,0,0,0,0,0,0,0,0,0,0,0,0,0,0,0,0,0,0,0
3640608786336,20.419,1788965179527111282,,0,0,0,0,0,0,0,0,0,0,0,0,0,0,0,0,0,0,0
3640628782624,20.438997,1788965179547110411,,0,0,0,0,0,0,0,0,0,0,0,0,0,0,0,0,0,0,0
3640648798784,20.459013,1788965179567110631,,0,0,0,0,0,0,0,0,0,0,0,0,0,0,0,0,0,0,0
3640668782336,20.478996,1788965179587124392,,0,0,0,0,0,0,0,0,0,0,0,0,0,0,0,0,0,0,0
3640688775264,20.498989,1788965179607110799,,0,0,0,0,0,0,0,0,0,0,0,0,0,0,0,0,0,0,0
3640708798560,20.519013,1788965179627110650,,0,0,0,0,0,0,0,0,0,0,0,0,0,0,0,0,0,0,0
3640728771168,20.538985,1788965179647111333,,0,0,0,0,0,0,0,0,0,0,0,0,0,0,0,0,0,0,0
3640748695520,20.55891,1788965179667110861,,0,0,0,0,0,0,0,0,0,0,0,0,0,0,0,0,0,0,0
3640768784160,20.578998,1788965179687113421,,0,0,0,0,0,0,0,0,0,0,0,0,0,0,0,0,0,0,0
3640788785600,20.599,1788965179707110890,,0,0,0,0,0,0,0,0,0,0,0,0,0,0,0,0,0,0,0
3640808791232,20.619005,1788965179727111504,,0,0,0,0,0,0,0,0,0,0,0,0,0,0,0,0,0,0,0
3640828784192,20.638998,1788965179747114093,,0,0,0,0,0,0,0,0,0,0,0,0,0,0,0,0,0,0,0
3640848784928,20.658999,1788965179767110984,,0,0,0,0,0,0,0,0,0,0,0,0,0,0,0,0,0,0,0
3640868779808,20.678994,1788965179787110854,,0,0,0,0,0,0,0,0,0,0,0,0,0,0,0,0,0,0,0
3640888762240,20.698976,1788965179807124782,,0,0,0,0,0,0,0,0,0,0,0,0,0,0,0,0,0,0,0
3640908761120,20.718975,1788965179827110651,,0,0,0,0,0,0,0,0,0,0,0,0,0,0,0,0,0,0,0
3640928780576,20.738995,1788965179847110968,,0,0,0,0,0,0,0,0,0,0,0,0,0,0,0,0,0,0,0
3640948666496,20.758881,1788965179867111165,,0,0,0,0,0,0,0,0,0,0,0,0,0,0,0,0,0,0,0
3640968784896,20.778999,1788965179887111295,,0,0,0,0,0,0,0,0,0,0,0,0,0,0,0,0,0,0,0
3640988789504,20.799004,1788965179907111356,,0,0,0,0,0,0,0,0,0,0,0,0,0,0,0,0,0,0,0
3641008779488,20.818994,1788965179927111587,,0,0,0,0,0,0,0,0,0,0,0,0,0,0,0,0,0,0,0
3641028752544,20.838967,1788965179947111139,,0,0,0,0,0,0,0,0,0,0,0,0,0,0,0,0,0,0,0
3641048799872,20.859014,1788965179967111268,,0,0,0,0,0,0,0,0,0,0,0,0,0,0,0,0,0,0,0
3641068772736,20.878987,1788965179987110659,,0,0,0,0,0,0,0,0,0,0,0,0,0,0,0,0,0,0,0
